,Institution Name,World2018,National2018,World2019,National2019,Country,SIZE,FOCUS,RESEARCH INTENSITY,AGE,STATUS,Academic Reputation,Employer Reputation,Faculty Student,Citations per Faculty,International Faculty,International Students,Overall Score,World2020,National2020
0,MASSACHUSETTS INSTITUTE OF TECHNOLOGY (MIT),1.0,1.0,1.0,1.0,United States,M,CO,VH,5.0,B,100.0,100.0,100.0,99.8,100.0,94.1,100.0,1,1.0
1,STANFORD UNIVERSITY,2.0,2.0,2.0,2.0,United States,L,FC,VH,5.0,B,100.0,100.0,100.0,98.6,99.8,67.7,98.4,2,2.0
2,HARVARD UNIVERSITY,3.0,3.0,3.0,3.0,United States,L,FC,VH,5.0,B,100.0,100.0,98.7,99.6,86.3,62.2,97.4,3,3.0
3,UNIVERSITY OF OXFORD,6.0,2.0,5.0,1.0,United Kingdom,L,FC,VH,5.0,A,100.0,100.0,100.0,84.7,99.7,98.5,97.2,4,1.0
4,CALIFORNIA INSTITUTE OF TECHNOLOGY (CALTECH),4.0,4.0,4.0,4.0,United States,S,CO,VH,5.0,B,97.8,81.2,100.0,100.0,99.4,87.3,96.9,5,4.0
5,ETH ZURICH (SWISS FEDERAL INSTITUTE OF TECHNOLOGY),10.0,1.0,7.0,1.0,Switzerland,L,CO,VH,5.0,A,98.4,96.7,85.0,98.4,100.0,98.0,95.9,6,1.0
6,UNIVERSITY OF CAMBRIDGE,5.0,1.0,6.0,2.0,United Kingdom,L,FC,VH,5.0,A,100.0,100.0,100.0,74.2,100.0,97.6,95.0,7,2.0
7,UCL (UNIVERSITY COLLEGE LONDON),7.0,3.0,10.0,4.0,United Kingdom,XL,FC,VH,5.0,A,99.3,98.7,98.1,76.7,99.1,100.0,94.8,8,3.0
8,IMPERIAL COLLEGE LONDON,8.0,4.0,8.0,3.0,United Kingdom,L,FC,VH,5.0,A,98.6,99.9,99.8,72.1,100.0,100.0,94.1,9,4.0
9,UNIVERSITY OF CHICAGO,9.0,5.0,9.0,5.0,United States,L,FC,VH,5.0,B,99.5,93.7,96.5,78.5,70.2,81.0,92.0,10,5.0
10,NANYANG TECHNOLOGICAL UNIVERSITY (NTU),11.0,1.0,12.0,2.0,Singapore,L,FC,VH,3.0,A,92.1,93.8,93.9,88.8,100.0,74.2,91.8,11,1.0
11,NATIONAL UNIVERSITY OF SINGAPORE (NUS),15.0,2.0,11.0,1.0,Singapore,XL,FC,VH,5.0,A,99.8,99.2,88.3,75.7,100.0,76.4,91.8,12,2.0
12,PRINCETON UNIVERSITY,13.0,6.0,13.0,6.0,United States,M,CO,VH,5.0,B,99.9,98.6,70.7,100.0,64.9,67.6,90.9,13,6.0
13,CORNELL UNIVERSITY,14.0,7.0,14.0,7.0,United States,L,FC,VH,5.0,B,98.7,90.4,65.7,95.1,93.8,72.3,89.3,14,7.0
14,UNIVERSITY OF PENNSYLVANIA,19.0,11.0,19.0,10.0,United States,L,FC,VH,5.0,B,95.8,93.7,100.0,67.6,84.0,63.6,88.9,15,8.0
15,TSINGHUA UNIVERSITY,25.0,1.0,17.0,1.0,China,XL,FC,VH,5.0,A,97.4,99.1,92.4,80.4,68.0,30.1,88.6,16,1.0
16,YALE UNIVERSITY,16.0,8.0,15.0,8.0,United States,L,FC,VH,5.0,B,99.9,99.9,100.0,53.5,78.1,57.4,87.7,17,9.0
17,COLUMBIA UNIVERSITY,18.0,10.0,16.0,9.0,United States,L,FC,VH,5.0,B,99.7,97.6,100.0,53.0,40.1,96.9,87.4,18,10.0
18,ECOLE POLYTECHNIQUE FEDERALE DE LAUSANNE (EPFL),12.0,2.0,22.0,2.0,Switzerland,M,FO,VH,5.0,A,75.6,77.6,96.6,98.9,100.0,100.0,87.4,19,2.0
19,UNIVERSITY OF EDINBURGH,24.0,6.0,18.0,5.0,United Kingdom,XL,FC,VH,5.0,A,97.5,93.7,85.6,53.0,98.0,98.6,86.2,20,5.0
20,UNIVERSITY OF MICHIGAN,22.0,13.0,20.0,11.0,United States,XL,FC,VH,5.0,A,98.9,94.4,91.0,61.6,79.7,44.1,86.0,21,11.0
21,PEKING UNIVERSITY,38.0,2.0,30.0,2.0,China,XL,FC,VH,5.0,A,99.1,99.6,72.3,73.0,70.7,36.9,84.3,22,2.0
22,THE UNIVERSITY OF TOKYO,29.0,1.0,23.0,1.0,Japan,L,FC,VH,5.0,A,100.0,99.1,93.3,67.9,11.1,26.2,84.3,23,1.0
23,JOHNS HOPKINS UNIVERSITY,17.0,9.0,21.0,12.0,United States,L,FC,VH,5.0,B,88.3,52.6,100.0,77.6,68.8,81.5,83.9,24,12.0
24,DUKE UNIVERSITY,21.0,12.0,26.0,13.0,United States,L,FC,VH,5.0,B,89.0,84.2,99.4,80.3,12.4,59.3,83.8,25,13.0
25,UNIVERSITY OF HONG KONG (HKU),26.0,1.0,25.0,1.0,Hong Kong,L,FC,VH,5.0,A,97.3,82.6,87.2,44.5,100.0,99.1,83.8,26,1.0
26,THE UNIVERSITY OF MANCHESTER,34.0,7.0,29.0,6.0,United Kingdom,XL,FC,VH,5.0,A,94.9,97.7,74.1,51.5,92.6,98.6,82.7,27,6.0
27,"UNIVERSITY OF CALIFORNIA, BERKELEY (UCB)",27.0,14.0,27.0,14.0,United States,XL,FC,VH,5.0,A,100.0,99.9,30.9,97.7,92.4,39.7,82.6,28,14.0
28,AUSTRALIAN NATIONAL UNIVERSITY (ANU),20.0,1.0,24.0,1.0,Australia,L,FC,VH,4.0,A,96.9,81.3,37.5,87.4,100.0,99.8,82.1,29,1.0
29,UNIVERSITY OF TORONTO,31.0,1.0,28.0,1.0,Canada,XL,FC,VH,5.0,A,98.9,96.3,71.5,43.9,97.7,93.0,82.1,30,1.0
30,NORTHWESTERN UNIVERSITY,28.0,15.0,34.0,16.0,United States,L,FC,VH,5.0,B,85.9,80.2,100.0,62.8,76.1,49.0,81.5,31,15.0
31,THE HONG KONG UNIVERSITY OF SCIENCE AND TECHNOLOGY (HKUST),30.0,2.0,37.0,2.0,Hong Kong,M,CO,VH,3.0,A,85.0,71.3,59.5,89.5,100.0,87.5,80.6,32,2.0
32,KING'S COLLEGE LONDON (KCL),23.0,5.0,31.0,7.0,United Kingdom,L,FC,VH,5.0,A,88.5,80.4,82.3,52.0,98.5,99.8,80.5,33,7.0
33,KYOTO UNIVERSITY,36.0,2.0,35.0,2.0,Japan,L,FC,VH,5.0,A,98.7,92.5,96.3,53.2,15.4,17.5,80.5,34,2.0
34,MCGILL UNIVERSITY,32.0,2.0,33.0,2.0,Canada,L,FC,VH,5.0,A,92.2,93.8,63.3,58.4,93.7,96.2,80.4,35,2.0
35,"UNIVERSITY OF CALIFORNIA, LOS ANGELES (UCLA)",33.0,16.0,32.0,15.0,United States,XL,FC,VH,5.0,A,100.0,99.7,40.6,88.3,50.4,38.2,80.4,36,16.0
36,SEOUL NATIONAL UNIVERSITY (SNU),37.0,1.0,36.0,1.0,South Korea,L,FC,VH,4.0,A,96.9,91.1,88.0,61.6,19.2,11.9,79.6,37,1.0
37,THE UNIVERSITY OF MELBOURNE,42.0,2.0,39.0,2.0,Australia,XL,FC,VH,5.0,A,99.2,98.1,24.1,75.0,97.6,100.0,79.5,38,2.0
38,NEW YORK UNIVERSITY (NYU),52.0,19.0,43.0,18.0,United States,XL,FC,VH,5.0,B,95.9,95.6,97.6,24.0,33.5,93.4,78.8,39,17.0
39,FUDAN UNIVERSITY,40.0,3.0,44.0,3.0,China,XL,FC,VH,5.0,A,83.4,93.8,86.5,57.8,92.7,42.9,78.6,40,3.0
40,KAIST - KOREA ADVANCED INSTITUTE OF SCIENCE AND TECHNOLOGY,41.0,2.0,40.0,2.0,South Korea,M,CO,VH,3.0,A,85.0,74.5,73.9,98.1,25.8,10.1,77.9,41,2.0
41,THE UNIVERSITY OF SYDNEY,50.0,5.0,42.0,3.0,Australia,XL,FC,VH,5.0,A,97.5,96.4,23.6,70.9,100.0,100.0,77.8,42,3.0
42,THE UNIVERSITY OF NEW SOUTH WALES (UNSW),45.0,3.0,45.0,4.0,Australia,XL,FC,VH,4.0,A,91.2,95.7,19.8,84.5,100.0,98.5,77.1,43,4.0
43,LONDON SCHOOL OF ECONOMICS AND POLITICAL SCIENCE (LSE),35.0,8.0,38.0,8.0,United Kingdom,M,SP,VH,5.0,A,78.9,99.7,34.8,91.1,100.0,100.0,77.0,44,8.0
44,"UNIVERSITY OF CALIFORNIA, SAN DIEGO (UCSD)",39.0,17.0,41.0,17.0,United States,XL,FC,VH,4.0,A,92.2,51.8,60.3,78.4,60.8,70.3,76.6,45,18.0
45,THE CHINESE UNIVERSITY OF HONG KONG (CUHK),46.0,3.0,49.0,3.0,Hong Kong,L,FC,VH,4.0,A,87.9,61.5,67.7,56.2,100.0,91.7,75.9,46,3.0
46,THE UNIVERSITY OF QUEENSLAND (UQ),48.0,4.0,48.0,5.0,Australia,XL,FC,VH,5.0,A,88.5,82.2,27.7,81.8,100.0,99.5,75.7,47,5.0
47,CARNEGIE MELLON UNIVERSITY,47.0,18.0,46.0,19.0,United States,L,FC,VH,5.0,B,75.2,77.5,43.5,94.3,83.6,99.9,74.8,48,19.0
48,UNIVERSITY OF BRISTOL,44.0,9.0,51.0,9.0,United Kingdom,L,FC,VH,5.0,A,76.6,84.2,72.8,61.8,89.4,75.6,74.5,49,9.0
49,DELFT UNIVERSITY OF TECHNOLOGY,54.0,1.0,52.0,1.0,Netherlands,L,CO,VH,5.0,A,71.2,88.2,46.4,90.0,99.3,87.8,74.2,50,1.0
50,UNIVERSITY OF BRITISH COLUMBIA,51.0,3.0,47.0,3.0,Canada,XL,FC,VH,5.0,A,97.0,89.0,46.0,42.2,90.8,79.3,74.1,51,3.0
51,CITY UNIVERSITY OF HONG KONG,49.0,4.0,55.0,4.0,Hong Kong,M,CO,VH,3.0,A,59.0,41.3,89.7,89.4,100.0,95.3,73.6,52,4.0
52,ZHEJIANG UNIVERSITY,87.0,5.0,68.0,5.0,China,XL,FC,VH,5.0,A,67.7,86.5,78.6,63.9,95.4,62.9,72.4,54,4.0
53,TECHNISCHE UNIVERSITAT MUNCHEN,64.0,1.0,61.0,1.0,Germany,XL,CO,VH,5.0,A,80.2,99.0,89.1,26.9,60.6,76.8,72.3,55,1.0
54,UNIVERSITY OF WISCONSIN-MADISON,55.0,21.0,53.0,20.0,United States,XL,FC,VH,5.0,A,87.8,49.7,85.5,50.0,57.2,30.9,71.8,56,20.0
55,BROWN UNIVERSITY,53.0,20.0,56.0,21.0,United States,M,FC,VH,5.0,B,61.9,58.2,81.1,86.6,86.0,56.0,71.5,57,21.0
56,MONASH UNIVERSITY,60.0,6.0,59.0,6.0,Australia,XL,FC,VH,4.0,A,88.0,91.9,17.1,64.2,100.0,99.9,70.9,58,6.0
57,TOKYO INSTITUTE OF TECHNOLOGY,56.0,3.0,58.0,3.0,Japan,M,CO,VH,5.0,A,74.5,82.7,86.2,61.3,30.7,31.3,70.9,59,3.0
58,ECOLE POLYTECHNIQUE,59.0,2.0,65.0,2.0,France,S,CO,VH,5.0,A,43.8,99.3,99.6,66.3,95.2,97.9,70.5,60,1.0
59,SHANGHAI JIAO TONG UNIVERSITY,62.0,4.0,60.0,4.0,China,XL,FC,VH,5.0,A,79.6,93.6,53.7,65.5,84.1,20.1,70.5,61,5.0
60,THE UNIVERSITY OF WARWICK,57.0,10.0,54.0,10.0,United Kingdom,L,FC,VH,4.0,A,74.4,94.1,55.3,50.3,97.8,99.1,70.4,62,10.0
61,LUDWIG-MAXIMILIANS-UNIVERSITAT MUNCHEN,66.0,2.0,62.0,2.0,Germany,XL,FC,VH,5.0,A,91.1,83.2,52.6,45.7,61.5,37.7,69.6,63,2.0
62,UNIVERSITY OF AMSTERDAM,58.0,2.0,57.0,2.0,Netherlands,L,FC,VH,5.0,A,81.1,56.0,44.8,75.9,79.5,52.5,69.0,64,2.0
63,UNIVERSITY OF TEXAS AT AUSTIN,67.0,23.0,63.0,22.0,United States,XL,FC,VH,5.0,A,94.2,83.3,12.1,93.4,6.9,18.6,68.6,65,22.0
64,RUPRECHT-KARLS-UNIVERSITAT HEIDELBERG,68.0,3.0,64.0,3.0,Germany,L,FC,VH,5.0,A,80.0,50.6,96.7,34.8,52.8,44.2,68.4,66,3.0
65,UNIVERSITY OF GLASGOW,65.0,11.0,70.0,11.0,United Kingdom,L,FC,VH,5.0,A,72.2,58.9,63.7,55.0,93.7,96.5,68.2,67,11.0
66,UNIVERSITY OF WASHINGTON,61.0,22.0,66.0,23.0,United States,XL,FC,VH,5.0,A,86.1,51.4,17.4,99.2,55.8,40.5,67.9,68,23.0
67,NATIONAL TAIWAN UNIVERSITY (NTU),76.0,1.0,72.0,1.0,Taiwan,XL,FC,VH,4.0,A,89.8,82.4,41.9,59.7,20.8,30.4,67.3,69,1.0
68,UNIVERSITI MALAYA (UM),115.0,1.0,88.0,1.0,Malaysia,L,FC,VH,5.0,A,68.2,72.0,90.7,41.5,62.8,57.2,67.1,70,1.0
69,OSAKA UNIVERSITY,63.0,4.0,67.0,4.0,Japan,L,FC,VH,4.0,A,80.8,67.5,80.3,46.2,23.1,14.3,66.5,71,4.0
70,GEORGIA INSTITUTE OF TECHNOLOGY (GEORGIA TECH),70.0,25.0,69.0,24.0,United States,L,CO,VH,5.0,A,71.1,81.7,15.1,100.0,60.4,65.8,66.2,72,24.0
71,UNIVERSIDAD DE BUENOS AIRES,75.0,1.0,73.0,1.0,Argentina,XL,FC,VH,5.0,A,87.2,91.3,77.4,2.4,50.7,64.7,66.0,73,1.0
72,UNIVERSITY OF ILLINOIS AT URBANA-CHAMPAIGN,69.0,24.0,71.0,25.0,United States,XL,FC,VH,5.0,A,89.0,58.1,13.5,86.3,19.3,67.2,65.9,74,25.0
73,UNIVERSITY OF ZURICH,74.0,3.0,78.0,3.0,Switzerland,L,FC,VH,5.0,A,58.6,64.5,99.7,38.7,100.0,59.4,65.8,75,3.0
75,DURHAM UNIVERSITY,78.0,12.0,74.0,12.0,United Kingdom,L,FC,VH,5.0,A,57.3,91.2,35.9,77.9,97.2,87.2,64.2,77,12.0
76,THE UNIVERSITY OF SHEFFIELD,83.0,13.0,76.0,13.0,United Kingdom,L,FC,VH,5.0,A,61.3,58.7,61.0,61.4,87.9,94.1,64.2,78,13.0
77,KATHOLIEKE UNIVERSITEIT LEUVEN,71.0,1.0,81.0,1.0,Belgium,XL,FC,VH,5.0,A,79.1,64.3,11.8,85.3,90.0,37.5,64.1,79,1.0
78,UNIVERSITY OF BIRMINGHAM,85.0,15.0,79.0,14.0,United Kingdom,L,FC,VH,5.0,A,65.6,78.8,54.8,49.3,91.8,85.7,64.0,80,14.0
79,UNIVERSITY OF COPENHAGEN,73.0,1.0,80.0,1.0,Denmark,XL,FC,VH,5.0,A,70.1,43.9,100.0,25.5,92.6,29.4,63.8,81,1.0
80,TOHOKU UNIVERSITY,77.0,5.0,77.0,5.0,Japan,L,FC,VH,5.0,A,69.5,59.1,98.2,43.1,12.7,17.6,63.7,82,5.0
81,KOREA UNIVERSITY,90.0,4.0,86.0,4.0,South Korea,L,FC,VH,5.0,B,70.0,85.0,83.1,35.4,15.2,44.7,63.4,83,3.0
82,THE UNIVERSITY OF AUCKLAND,82.0,1.0,85.0,1.0,New Zealand,L,FC,VH,5.0,A,84.2,62.8,25.0,44.8,94.4,91.8,63.4,84,1.0
83,LOMONOSOV MOSCOW STATE UNIVERSITY,95.0,1.0,90.0,1.0,Russia,XL,FC,VH,5.0,A,73.6,84.9,99.7,7.2,18.0,56.1,63.2,85,1.0
84,RICE UNIVERSITY,89.0,29.0,87.0,27.0,United States,M,FC,VH,5.0,B,40.1,22.7,84.0,93.6,89.8,90.6,63.1,86,26.0
85,THE UNIVERSITY OF WESTERN AUSTRALIA (UWA),94.0,7.0,91.0,7.0,Australia,L,FC,VH,5.0,A,62.4,59.8,20.8,88.3,100.0,98.7,62.9,87,7.0
86,POHANG UNIVERSITY OF SCIENCE AND TECHNOLOGY (POSTECH),72.0,3.0,83.0,3.0,South Korea,S,FO,VH,3.0,B,41.3,40.8,99.9,99.3,35.3,3.6,62.6,88,4.0
87,UNIVERSITY OF SCIENCE AND TECHNOLOGY OF CHINA,97.0,6.0,98.0,6.0,China,L,CO,VH,4.0,A,56.2,26.1,81.1,98.5,16.9,5.7,62.3,89,6.0
88,"UNIVERSITY OF NORTH CAROLINA, CHAPEL HILL",80.0,26.0,84.0,26.0,United States,XL,FC,VH,5.0,A,68.7,53.3,88.3,46.0,35.6,11.3,62.2,90,27.0
89,THE HONG KONG POLYTECHNIC UNIVERSITY,96.0,5.0,106.0,5.0,Hong Kong,L,CO,VH,3.0,A,61.3,43.7,74.1,46.3,100.0,74.8,61.9,91,5.0
90,LUND UNIVERSITY,79.0,1.0,92.0,1.0,Sweden,L,FC,VH,5.0,A,69.6,54.3,50.1,51.9,89.3,70.1,61.8,92,1.0
91,PENNSYLVANIA STATE UNIVERSITY,93.0,30.0,95.0,30.0,United States,XL,FC,VH,5.0,A,76.5,80.4,31.6,67.8,21.4,38.6,61.7,93,28.0
92,UNIVERSITY OF LEEDS,101.0,17.0,94.0,16.0,United Kingdom,XL,FC,VH,5.0,A,69.2,81.2,45.5,41.6,84.1,81.8,61.7,94,15.0
93,SUNGKYUNKWAN UNIVERSITY,108.0,6.0,101.0,5.0,South Korea,L,FC,VH,5.0,B,58.4,74.6,85.7,49.3,21.3,38.1,61.0,95,5.0
94,THE UNIVERSITY OF NOTTINGHAM,84.0,14.0,82.0,15.0,United Kingdom,XL,FC,VH,5.0,A,60.3,73.2,52.4,49.7,92.1,82.1,60.8,96,16.0
95,UNIVERSITY OF SOUTHAMPTON,103.0,18.0,96.0,17.0,United Kingdom,L,FC,VH,5.0,A,50.8,52.5,59.0,68.1,96.1,92.8,60.6,97,17.0
96,BOSTON UNIVERSITY,81.0,27.0,93.0,29.0,United States,L,FC,VH,5.0,B,63.1,57.5,53.8,62.1,33.8,88.6,60.5,98,29.0
97,"KTH, ROYAL INSTITUTE OF TECHNOLOGY",98.0,2.0,104.0,2.0,Sweden,L,CO,VH,5.0,A,47.5,68.4,63.0,72.8,96.9,48.7,60.5,99,2.0
98,UNIVERSITY OF ST ANDREWS,92.0,16.0,97.0,18.0,United Kingdom,M,FC,VH,5.0,A,45.2,51.6,65.3,67.4,98.7,99.8,59.9,100,18.0
99,OHIO STATE UNIVERSITY,86.0,28.0,89.0,28.0,United States,XL,FC,VH,5.0,A,63.8,67.3,66.7,41.3,81.1,27.6,59.5,101,30.0
100,EINDHOVEN UNIVERSITY OF TECHNOLOGY,104.0,3.0,99.0,3.0,Netherlands,M,FO,VH,4.0,A,30.9,65.9,62.5,97.1,98.3,57.5,58.9,102,3.0
101,UNIVERSIDAD NACIONAL AUTONOMA DE MEXICO (UNAM),123.0,1.0,113.0,1.0,Mexico,XL,FC,VH,5.0,A,90.9,91.0,57.6,3.8,13.8,4.3,58.8,103,1.0
102,"UNIVERSITY OF CALIFORNIA, DAVIS (UCD)",118.0,33.0,102.0,32.0,United States,XL,FC,VH,5.0,A,70.3,33.9,23.3,80.4,65.3,60.6,58.7,104,31.0
103,YONSEI UNIVERSITY,106.0,5.0,107.0,6.0,South Korea,L,FC,VH,5.0,B,62.9,78.3,85.0,30.6,15.4,33.1,58.7,105,6.0
104,THE UNIVERSITY OF ADELAIDE,110.0,8.0,114.0,8.0,Australia,L,FC,VH,5.0,A,59.3,43.7,28.5,73.7,99.0,99.1,58.6,106,8.0
105,UNIVERSITY OF HELSINKI,102.0,1.0,110.0,1.0,Finland,L,CO,VH,5.0,A,64.5,54.8,66.8,51.5,58.1,6.8,58.4,107,1.0
106,TRINITY COLLEGE DUBLIN (TCD),88.0,1.0,105.0,1.0,Ireland,L,FC,VH,5.0,A,62.0,51.2,35.8,56.8,99.5,93.5,58.3,108,1.0
107,WASHINGTON UNIVERSITY IN ST. LOUIS,100.0,31.0,103.0,33.0,United States,L,FC,VH,5.0,B,43.8,18.8,99.8,59.2,78.9,59.3,58.3,109,32.0
108,UNIVERSITY OF GENEVA,99.0,4.0,108.0,4.0,Switzerland,L,FC,VH,5.0,A,51.1,23.7,52.6,73.6,100.0,97.8,58.1,110,4.0
109,PURDUE UNIVERSITY,105.0,32.0,100.0,31.0,United States,XL,FC,VH,5.0,A,63.8,68.9,30.9,55.6,97.1,61.1,57.8,111,33.0
110,TECHNICAL UNIVERSITY OF DENMARK,117.0,2.0,112.0,2.0,Denmark,M,FO,VH,5.0,A,30.5,27.1,99.9,65.9,99.5,83.0,57.4,112,2.0
111,UNIVERSITY OF ALBERTA,91.0,4.0,109.0,4.0,Canada,XL,FC,VH,5.0,A,58.0,41.4,57.0,48.8,91.6,80.8,57.3,113,4.0
112,UNIVERSITY OF GRONINGEN,113.0,6.0,120.0,4.0,Netherlands,L,FC,VH,5.0,A,50.6,24.5,67.9,51.8,90.9,94.6,56.1,114,4.0
113,NAGOYA UNIVERSITY,116.0,6.0,111.0,6.0,Japan,L,FC,VH,5.0,A,60.5,38.6,90.6,37.3,17.7,21.3,55.8,115,6.0
114,UNIVERSIDADE DE SAO PAULO (USP),121.0,1.0,118.0,1.0,Brazil,XL,FC,VH,4.0,A,88.3,73.3,25.2,35.2,8.9,3.7,55.5,116,1.0
115,UPPSALA UNIVERSITY,112.0,3.0,117.0,3.0,Sweden,L,FC,VH,5.0,A,65.8,32.6,46.2,56.9,65.5,37.1,55.5,117,3.0
116,LEIDEN UNIVERSITY,109.0,4.0,122.0,5.0,Netherlands,XL,FC,VH,5.0,A,67.6,30.5,29.7,64.1,81.0,47.0,55.4,118,5.0
117,UNIVERSITY OF OSLO,142.0,1.0,135.0,1.0,Norway,L,FC,VH,5.0,A,52.6,22.3,77.7,49.2,87.2,30.5,54.7,119,1.0
118,HUMBOLDT-UNIVERSITAT ZU BERLIN,120.0,5.0,121.0,5.0,Germany,XL,FC,HI,5.0,A,88.3,54.0,12.2,33.9,52.9,34.6,54.5,120,4.0
119,NANJING UNIVERSITY,114.0,7.0,123.0,7.0,China,XL,FC,VH,5.0,A,60.7,30.3,31.0,84.2,68.6,11.1,54.5,121,7.0
120,UTRECHT UNIVERSITY,111.0,5.0,124.0,6.0,Netherlands,XL,FC,VH,5.0,A,62.8,32.3,42.5,66.0,56.7,28.1,54.5,122,6.0
121,UNIVERSITY OF BERN,167.0,7.0,139.0,5.0,Switzerland,M,CO,VH,5.0,A,30.3,38.2,63.7,90.6,100.0,46.6,54.3,123,5.0
122,"KIT, KARLSRUHER INSTITUT FUR TECHNOLOGIE",107.0,4.0,116.0,4.0,Germany,L,CO,VH,4.0,A,46.3,88.9,29.5,72.6,60.0,64.3,54.2,124,5.0
123,CHALMERS UNIVERSITY OF TECHNOLOGY,133.0,4.0,128.0,4.0,Sweden,M,CO,VH,5.0,B,30.5,61.4,66.3,73.1,96.8,56.0,54.0,125,4.0
124,WAGENINGEN UNIVERSITY,124.0,7.0,125.0,7.0,Netherlands,L,FO,VH,5.0,A,37.4,22.0,95.6,57.7,38.6,82.1,54.0,126,7.0
125,QUEEN MARY UNIVERSITY OF LONDON (QMUL),127.0,19.0,119.0,19.0,United Kingdom,L,FC,VH,5.0,A,52.6,41.9,34.4,58.8,98.5,97.9,53.9,127,19.0
126,PONTIFICIA UNIVERSIDAD CATOLICA DE CHILE,139.0,1.0,132.0,1.0,Chile,L,FC,VH,5.0,B,85.2,95.5,28.6,13.6,19.4,4.2,53.4,128,1.0
127,LANCASTER UNIVERSITY,135.0,20.0,131.0,20.0,United Kingdom,L,FC,VH,4.0,A,40.4,27.0,52.5,70.6,94.5,97.3,53.2,129,20.0
128,UNIVERSITY OF SOUTHERN CALIFORNIA,132.0,35.0,115.0,34.0,United States,XL,FC,VH,5.0,B,58.5,60.0,28.7,64.5,21.7,75.0,53.1,130,34.0
129,FREIE UNIVERSITAT BERLIN,125.0,6.0,130.0,6.0,Germany,XL,FC,HI,4.0,A,80.2,49.0,5.4,46.0,62.8,49.4,53.0,131,6.0
130,UNIVERSITY OF GHENT,126.0,2.0,138.0,2.0,Belgium,XL,FC,VH,5.0,A,51.9,31.7,84.2,39.0,65.2,20.1,53.0,132,2.0
131,HOKKAIDO UNIVERSITY,122.0,7.0,129.0,8.0,Japan,L,FC,VH,5.0,A,56.3,47.1,84.4,34.2,20.0,15.0,52.9,133,7.0
132,KYUSHU UNIVERSITY,128.0,8.0,126.0,7.0,Japan,L,FC,VH,5.0,A,55.5,49.2,85.6,32.6,18.6,21.5,52.9,134,8.0
133,AALTO UNIVERSITY,137.0,2.0,140.0,2.0,Finland,L,FO,VH,1.0,A,40.1,47.4,55.6,69.9,90.1,37.4,52.4,135,2.0
134,"UNIVERSITY OF CALIFORNIA, SANTA BARBARA (UCSB)",134.0,36.0,133.0,36.0,United States,L,CO,VH,5.0,A,62.5,20.1,14.8,86.2,69.1,29.6,52.3,136,35.0
135,"UNIVERSITY OF MARYLAND, COLLEGE PARK",129.0,34.0,127.0,35.0,United States,XL,FC,VH,5.0,A,54.1,34.8,50.9,70.0,26.4,26.5,52.1,137,36.0
136,UNIVERSITE DE MONTREAL,130.0,5.0,149.0,6.0,Canada,XL,FC,VH,5.0,A,55.2,55.5,55.4,27.5,91.1,61.8,52.0,138,5.0
137,RHEINISCH-WESTFALISCHE TECHNISCHE HOCHSCHULE AACHEN,141.0,7.0,144.0,7.0,Germany,XL,FC,VH,5.0,A,55.3,97.2,13.0,59.0,42.4,68.2,51.9,139,7.0
138,CENTRALESUPELEC,177.0,5.0,137.0,4.0,France,S,FO,VH,1.0,A,15.8,100.0,88.7,45.4,72.1,90.1,51.4,140,3.0
139,MCMASTER UNIVERSITY,140.0,6.0,146.0,5.0,Canada,L,FC,VH,5.0,A,40.4,42.5,85.0,32.4,97.9,45.1,51.2,141,6.0
140,UNIVERSITY OF PITTSBURGH,143.0,37.0,136.0,37.0,United States,L,FC,VH,5.0,A,44.6,21.9,96.2,49.0,15.3,23.6,51.2,142,37.0
141,UNIVERSITY OF TECHNOLOGY SYDNEY (UTS),176.0,9.0,161.0,9.0,Australia,L,CO,VH,3.0,A,44.3,80.6,10.1,68.2,98.3,93.8,51.2,143,9.0
142,MICHIGAN STATE UNIVERSITY,149.0,39.0,142.0,38.0,United States,XL,FC,VH,5.0,A,61.9,65.8,18.6,54.4,63.8,36.2,51.1,144,38.0
143,AARHUS UNIVERSITY,119.0,3.0,141.0,3.0,Denmark,L,FC,VH,4.0,A,52.9,45.7,38.0,62.7,81.7,17.6,51.0,145,3.0
144,NEWCASTLE UNIVERSITY,162.0,26.0,143.0,22.0,United Kingdom,L,FC,VH,4.0,A,41.0,73.7,47.7,43.4,89.9,84.7,50.9,146,21.0
145,TECHNISCHE UNIVERSITAT BERLIN,144.0,8.0,147.0,8.0,Germany,L,CO,VH,5.0,A,53.9,77.7,47.6,30.2,42.0,69.3,50.6,147,8.0
146,UNIVERSITY OF YORK,136.0,21.0,134.0,21.0,United Kingdom,L,FC,VH,4.0,A,42.0,40.8,56.8,51.3,91.0,66.0,50.5,148,22.0
147,POLITECNICO DI MILANO,170.0,1.0,156.0,1.0,Italy,XL,FO,VH,5.0,A,60.4,84.3,6.3,56.9,44.6,54.5,50.4,149,1.0
148,HANYANG UNIVERSITY,155.0,7.0,151.0,7.0,South Korea,L,FC,VH,4.0,B,46.8,68.4,77.2,30.8,25.4,34.8,50.3,150,7.0
149,UNIVERSITY OF BASEL,150.0,6.0,160.0,7.0,Switzerland,M,FC,VH,5.0,A,30.4,25.0,37.8,91.3,100.0,86.4,50.0,151,6.0
150,INDIAN INSTITUTE OF TECHNOLOGY BOMBAY (IITB),179.0,2.0,162.0,1.0,India,M,CO,VH,4.0,A,54.5,71.2,45.8,54.6,3.4,1.6,49.4,152,1.0
151,UNIVERSITY OF LAUSANNE,146.0,5.0,150.0,6.0,Switzerland,L,CO,VH,5.0,A,35.3,23.0,68.4,52.8,99.2,69.0,49.2,153,7.0
152,CARDIFF UNIVERSITY,138.0,22.0,145.0,23.0,United Kingdom,L,FC,VH,5.0,A,48.6,38.3,52.5,37.9,79.1,69.8,49.0,154,23.0
153,UNIVERSITAT WIEN,154.0,1.0,176.0,1.0,Austria,XL,FC,VH,5.0,A,64.4,47.3,26.2,17.9,98.3,92.5,49.0,155,1.0
154,EMORY UNIVERSITY,147.0,38.0,148.0,39.0,United States,L,FC,VH,5.0,B,26.9,11.8,99.7,59.1,49.4,45.2,48.6,156,39.0
155,UNIVERSITY OF MINNESOTA,163.0,40.0,157.0,40.0,United States,XL,FC,VH,5.0,A,66.2,26.1,31.9,58.2,6.9,18.8,48.6,157,40.0
156,TECNOLOGICO DE MONTERREY (ITESM),199.0,2.0,178.0,2.0,Mexico,L,FC,HI,4.0,B,36.9,88.9,89.5,4.6,98.2,18.4,48.5,158,2.0
157,UNIVERSITI PUTRA MALAYSIA (UPM),229.0,2.0,202.0,3.0,Malaysia,L,FC,VH,3.0,A,44.8,44.4,73.2,20.9,58.8,82.3,48.4,159,2.0
158,ECOLE NORMALE SUPERIEURE DE LYON,157.0,4.0,153.0,5.0,France,S,CO,VH,5.0,A,35.4,10.4,97.0,47.9,59.5,20.3,48.3,160,4.0
159,UNIVERSITI KEBANGSAAN MALAYSIA (UKM),230.0,3.0,184.0,2.0,Malaysia,L,FC,VH,3.0,A,50.9,44.7,87.8,13.1,24.0,38.9,48.3,161,3.0
160,HEBREW UNIVERSITY OF JERUSALEM,145.0,1.0,154.0,1.0,Israel,L,FC,VH,5.0,A,39.4,38.5,77.9,43.4,71.1,11.6,48.2,162,1.0
161,UNIVERSITY OF BERGEN,165.0,2.0,171.0,2.0,Norway,M,FC,VH,4.0,A,34.1,13.0,79.5,60.8,88.6,10.1,48.1,163,2.0
162,UNIVERSITY OF EXETER,159.0,24.0,155.0,25.0,United Kingdom,L,FC,VH,4.0,A,38.8,57.2,41.5,49.0,92.0,80.6,48.1,164,24.0
163,UNIVERSITAT DE BARCELONA (UB),156.0,1.0,166.0,2.0,Spain,XL,FC,VH,5.0,A,71.8,45.5,32.5,29.8,5.8,33.8,47.9,165,1.0
164,UNIVERSITI SAINS MALAYSIA (USM),266.0,5.0,207.0,4.0,Malaysia,L,FC,VH,4.0,A,49.6,52.5,74.9,17.7,37.5,46.0,47.9,166,4.0
165,CASE WESTERN RESERVE UNIVERSITY,213.0,51.0,186.0,45.0,United States,M,FC,VH,5.0,B,19.9,17.1,92.0,65.8,53.7,73.9,47.8,167,41.0
166,UNIVERSITE CATHOLIQUE DE LOUVAIN (UCL),153.0,3.0,165.0,3.0,Belgium,L,FC,VH,3.0,B,51.3,45.5,10.4,68.4,89.0,44.7,47.7,168,3.0
167,UNIVERSITY OF FLORIDA,178.0,44.0,182.0,42.0,United States,XL,FC,VH,5.0,A,50.9,48.3,74.0,29.6,18.7,13.0,47.7,169,42.0
168,EBERHARD KARLS UNIVERSITAT TUBINGEN,164.0,9.0,168.0,9.0,Germany,L,FC,VH,5.0,A,46.3,25.7,89.4,17.8,59.7,32.1,47.3,170,9.0
169,UNIVERSITAT FREIBURG,171.0,10.0,187.0,10.0,Germany,L,FC,VH,5.0,A,53.0,24.4,38.6,50.6,64.9,48.3,47.3,171,10.0
170,UNIVERSITY OF ROCHESTER,186.0,46.0,185.0,44.0,United States,M,FC,VH,5.0,B,25.0,7.4,100.0,42.4,67.3,90.6,47.3,172,43.0
171,UNIVERSITY OF BATH,160.0,25.0,158.0,26.0,United Kingdom,L,CO,VH,4.0,A,36.9,63.0,25.6,56.0,98.2,90.7,47.0,173,25.0
172,NATIONAL TSING HUA UNIVERSITY,161.0,2.0,163.0,2.0,Taiwan,L,CO,VH,4.0,A,47.5,59.6,32.2,65.8,24.6,18.0,46.8,174,2.0
173,QUEEN'S UNIVERSITY OF BELFAST,202.0,29.0,180.0,28.0,United Kingdom,L,FC,VH,5.0,A,28.9,36.0,43.5,64.9,99.5,96.5,46.8,175,26.0
174,UNIVERSITY OF WATERLOO,152.0,7.0,164.0,7.0,Canada,XL,CO,VH,4.0,A,39.3,76.5,7.6,68.5,77.6,84.1,46.8,176,7.0
175,UNIVERSITY OF OTAGO,151.0,2.0,177.0,2.0,New Zealand,L,FC,VH,5.0,A,51.7,41.4,19.6,48.2,100.0,62.9,46.7,177,2.0
176,UNIVERSITA DI BOLOGNA (UNIBO),188.0,2.0,181.0,4.0,Italy,XL,FC,VH,5.0,A,74.7,46.3,6.0,46.8,14.0,13.5,46.6,179,2.0
177,TECHNISCHE UNIVERSITAT DRESDEN,196.0,12.0,191.0,11.0,Germany,XL,FC,VH,5.0,A,35.8,69.7,84.6,21.3,38.5,37.5,46.4,180,11.0
178,UNIVERSITY OF LIVERPOOL,174.0,27.0,152.0,24.0,United Kingdom,L,FC,VH,5.0,A,42.2,32.9,50.5,34.4,86.5,93.4,46.3,181,27.0
179,INDIAN INSTITUTE OF TECHNOLOGY DELHI (IITD),172.0,1.0,172.0,3.0,India,M,CO,VH,4.0,A,46.8,63.0,23.3,80.6,3.3,1.5,46.2,182,2.0
180,ERASMUS UNIVERSITY ROTTERDAM,148.0,8.0,179.0,9.0,Netherlands,L,FO,VH,5.0,A,35.2,53.5,42.6,53.7,75.3,68.9,46.1,183,8.0
182,UNIVERSITY COLLEGE DUBLIN (UCD),168.0,2.0,194.0,2.0,Ireland,L,FC,VH,5.0,A,46.0,42.6,31.2,42.4,97.6,64.4,45.6,185,2.0
183,KING ABDUL AZIZ UNIVERSITY (KAU),267.0,3.0,231.0,2.0,Saudi Arabia,XL,FC,VH,4.0,A,28.5,36.8,71.3,38.6,99.0,60.6,45.2,186,1.0
184,UNIVERSITY OF TWENTE,180.0,9.0,174.0,8.0,Netherlands,M,FO,VH,4.0,A,21.1,35.1,39.8,81.2,94.4,83.0,45.2,187,9.0
185,UNIVERSITAT AUTONOMA DE BARCELONA,198.0,3.0,193.0,3.0,Spain,XL,FC,VH,4.0,A,61.1,38.4,14.1,54.7,30.7,26.6,45.1,188,2.0
186,TEXAS A&M UNIVERSITY,197.0,47.0,203.0,49.0,United States,XL,FC,VH,5.0,A,60.9,59.7,13.5,50.6,20.3,12.7,45.0,189,44.0
187,UNIVERSIDAD DE CHILE,201.0,2.0,209.0,2.0,Chile,XL,FC,VH,5.0,A,71.6,90.8,16.3,14.5,10.1,8.4,45.0,190,2.0
188,STOCKHOLM UNIVERSITY,195.0,5.0,200.0,5.0,Sweden,L,CO,VH,5.0,A,54.7,16.8,34.7,46.2,82.3,15.7,44.8,191,5.0
189,TECHNISCHE UNIVERSITAT WIEN,182.0,2.0,199.0,2.0,Austria,M,FO,VH,5.0,A,32.9,57.7,8.6,78.7,75.0,87.6,44.7,192,2.0
190,UNIVERSIDAD AUTONOMA DE MADRID,187.0,2.0,159.0,1.0,Spain,L,FC,VH,4.0,A,57.4,64.0,45.8,24.0,9.9,14.1,44.7,193,3.0
191,UNIVERSITY OF ABERDEEN,158.0,23.0,173.0,27.0,United Kingdom,L,FC,VH,5.0,A,29.5,23.2,39.6,63.6,95.7,98.2,44.6,194,28.0
192,VRIJE UNIVERSITEIT BRUSSEL (VUB),185.0,4.0,188.0,4.0,Belgium,M,FC,VH,5.0,A,25.9,24.7,90.0,29.7,85.9,65.0,44.5,195,4.0
193,GEORG-AUGUST-UNIVERSITAT GOTTINGEN,181.0,11.0,197.0,12.0,Germany,XL,FC,VH,5.0,A,51.2,19.0,66.1,24.1,45.1,26.6,44.2,196,12.0
194,UNIVERSITY OF CAPE TOWN,191.0,1.0,201.0,1.0,South Africa,L,FC,VH,5.0,A,47.5,47.6,28.3,44.4,71.3,40.9,44.1,197,1.0
195,UNIVERSITY OF VIRGINIA,175.0,43.0,192.0,47.0,United States,L,FC,VH,5.0,A,39.2,46.6,64.3,46.1,14.6,15.8,44.1,198,45.0
196,KEIO UNIVERSITY,192.0,9.0,198.0,9.0,Japan,XL,FC,VH,5.0,B,51.4,77.2,62.2,9.4,13.2,11.3,44.0,199,9.0
197,KING FAHD UNIVERSITY OF PETROLEUM & MINERALS (KFUPM),173.0,1.0,189.0,1.0,Saudi Arabia,M,CO,VH,4.0,A,26.8,20.1,85.2,40.1,100.0,21.8,44.0,200,2.0
198,VANDERBILT UNIVERSITY,212.0,50.0,196.0,48.0,United States,L,FC,VH,5.0,B,28.2,25.4,100.0,36.0,23.7,32.8,44.0,201,46.0
199,WASEDA UNIVERSITY,203.0,10.0,210.0,10.0,Japan,XL,CO,VH,5.0,B,58.6,86.9,32.2,7.9,31.6,35.8,43.7,202,10.0
200,SAPIENZA - UNIVERSITA DI ROMA,215.0,5.0,217.0,5.0,Italy,XL,FC,VH,5.0,A,72.9,33.3,5.7,43.8,10.1,8.5,43.5,203,3.0
201,UNIVERSITY OF READING,189.0,28.0,195.0,29.0,United Kingdom,L,CO,VH,5.0,A,33.2,34.9,32.7,53.4,94.0,88.9,43.3,205,29.0
202,UNIVERSITY OF COLORADO AT BOULDER,184.0,45.0,190.0,46.0,United States,XL,CO,VH,5.0,A,37.9,25.5,63.3,50.4,37.2,14.1,43.2,206,47.0
203,AL-FARABI KAZAKH NATIONAL UNIVERSITY,236.0,1.0,220.0,1.0,Kazakhstan,L,CO,HI,4.0,A,34.0,60.7,98.6,1.2,40.8,26.1,43.1,207,1.0
204,DARTMOUTH COLLEGE,169.0,42.0,183.0,43.0,United States,M,FC,VH,5.0,B,20.8,28.9,76.8,71.5,5.8,35.1,43.1,208,48.0
205,UNIVERSITY OF NEWCASTLE,226.0,10.0,215.0,10.0,Australia,L,FC,VH,4.0,A,34.1,31.0,32.8,57.4,100.0,63.4,43.1,209,10.0
206,UNIVERSITY OF NOTRE DAME,216.0,52.0,213.0,51.0,United States,L,CO,VH,5.0,B,29.8,42.6,67.3,49.8,43.1,20.6,42.9,210,49.0
207,WESTERN UNIVERSITY,211.0,8.0,216.0,8.0,Canada,L,FC,VH,5.0,A,30.4,65.7,9.1,73.5,98.4,50.1,42.8,211,8.0
208,UNIVERSIDAD COMPLUTENSE DE MADRID (UCM),233.0,4.0,206.0,4.0,Spain,XL,FC,VH,5.0,A,64.6,71.6,26.6,14.5,3.6,24.1,42.7,212,4.0
209,UNIVERSITY OF WOLLONGONG,232.0,11.0,219.0,11.0,Australia,L,FC,VH,3.0,A,31.0,34.3,21.6,66.9,93.4,86.4,42.7,213,11.0
210,UNIVERSIDADE ESTADUAL DE CAMPINAS (UNICAMP),183.0,2.0,205.0,2.0,Brazil,L,FC,VH,4.0,A,67.5,34.5,21.1,32.7,9.9,4.3,42.1,214,2.0
211,ARIZONA STATE UNIVERSITY,209.0,49.0,212.0,50.0,United States,XL,CO,VH,5.0,A,42.0,29.9,12.2,67.9,64.1,56.6,42.0,215,50.0
212,VICTORIA UNIVERSITY OF WELLINGTON,219.0,4.0,222.0,3.0,New Zealand,L,CO,VH,5.0,A,47.0,36.0,13.4,44.3,99.3,59.2,42.0,216,3.0
213,RADBOUD UNIVERSITY NIJMEGEN,204.0,11.0,204.0,10.0,Netherlands,L,FC,VH,4.0,A,31.1,15.3,39.4,76.7,54.4,26.2,41.4,217,10.0
214,UNIVERSITI TEKNOLOGI MALAYSIA (UTM),253.0,4.0,228.0,5.0,Malaysia,L,CO,VH,3.0,A,33.9,45.0,73.3,22.7,27.3,53.7,41.4,218,5.0
215,TEL AVIV UNIVERSITY,205.0,2.0,230.0,2.0,Israel,L,FC,VH,4.0,A,35.4,40.5,7.8,95.4,35.2,11.8,41.3,219,2.0
216,"UNIVERSITY OF CALIFORNIA, IRVINE (UCI)",166.0,41.0,169.0,41.0,United States,XL,FC,VH,4.0,A,45.3,16.7,16.9,64.4,37.4,65.6,41.3,220,51.0
217,VRIJE UNIVERSITEIT AMSTERDAM,218.0,12.0,233.0,12.0,Netherlands,L,FC,VH,5.0,A,41.7,16.8,49.1,47.7,47.3,21.7,41.3,221,11.0
218,LOUGHBOROUGH UNIVERSITY,234.0,31.0,218.0,30.0,United Kingdom,L,FO,VH,4.0,A,30.0,63.3,34.4,40.4,82.8,72.1,41.2,222,30.0
219,UNIVERSITY OF ANTWERP,210.0,6.0,224.0,5.0,Belgium,L,FC,VH,3.0,A,23.9,19.3,85.3,32.9,71.3,41.3,40.9,223,5.0
220,QUEENSLAND UNIVERSITY OF TECHNOLOGY (QUT),247.0,13.0,245.0,12.0,Australia,XL,CO,VH,3.0,A,42.8,46.9,10.1,45.9,98.9,52.6,40.7,224,12.0
221,NATIONAL CHENG KUNG UNIVERSITY,222.0,4.0,234.0,4.0,Taiwan,L,FC,VH,4.0,A,40.8,53.4,42.5,39.7,17.7,26.4,40.4,226,3.0
222,GEORGETOWN UNIVERSITY,227.0,53.0,226.0,53.0,United States,L,FC,VH,5.0,B,34.2,42.8,67.6,26.7,16.6,47.3,40.1,227,52.0
223,NATIONAL CHIAO TUNG UNIVERSITY,207.0,3.0,208.0,3.0,Taiwan,M,CO,VH,5.0,A,28.9,52.1,45.8,54.6,29.1,31.5,40.0,228,4.0
224,UNIVERSITAT HAMBURG,223.0,13.0,223.0,13.0,Germany,XL,FC,VH,5.0,A,47.7,15.5,41.0,38.4,45.3,22.6,40.0,229,13.0
225,UNIVERSITY OF CANTERBURY,214.0,3.0,232.0,4.0,New Zealand,L,CO,VH,5.0,A,38.8,43.8,13.0,45.9,100.0,64.6,40.0,230,4.0
226,CURTIN UNIVERSITY,262.0,15.0,250.0,13.0,Australia,L,CO,VH,3.0,A,32.4,47.3,19.5,52.7,100.0,51.8,39.9,231,13.0
227,NOVOSIBIRSK STATE UNIVERSITY,250.0,3.0,244.0,3.0,Russia,M,CO,VH,4.0,A,30.0,26.4,93.8,16.4,11.6,49.1,39.8,232,2.0
228,"UNIVERSITY OF ILLINOIS, CHICAGO (UIC)",208.0,48.0,214.0,52.0,United States,L,FC,VH,5.0,A,46.4,33.7,43.6,36.4,12.7,22.6,39.8,233,53.0
229,UNIVERSITY OF CALGARY,217.0,9.0,229.0,9.0,Canada,XL,FC,VH,4.0,A,34.1,39.0,30.6,43.2,84.5,61.2,39.7,234,9.0
230,SAINT-PETERSBURG STATE UNIVERSITY,241.0,2.0,235.0,2.0,Russia,L,FC,VH,5.0,A,38.6,31.3,87.9,6.0,6.9,35.8,39.6,235,3.0
231,UNIVERSIDAD DE LOS ANDES COLOMBIA,258.0,2.0,272.0,1.0,Colombia,L,FC,HI,4.0,B,54.4,87.9,27.6,8.1,32.1,3.1,39.6,236,1.0
232,UNIVERSITA DEGLI STUDI DI PADOVA (UNIPD),297.0,6.0,249.0,6.0,Italy,XL,FC,VH,5.0,A,55.1,38.7,13.3,49.8,12.5,6.1,39.6,237,4.0
233,MACQUARIE UNIVERSITY,240.0,12.0,251.0,14.0,Australia,L,FC,VH,4.0,A,30.6,47.3,23.6,40.5,96.5,95.8,39.5,238,14.0
234,RMIT UNIVERSITY,248.0,14.0,252.0,15.0,Australia,XL,CO,VH,3.0,A,37.1,63.1,12.3,29.2,100.0,93.2,39.2,239,15.0
235,MAASTRICHT UNIVERSITY,200.0,10.0,211.0,11.0,Netherlands,L,CO,VH,3.0,A,22.1,22.1,24.6,65.1,97.4,100.0,39.0,240,12.0
236,QUEEN'S UNIVERSITY,224.0,10.0,239.0,10.0,Canada,L,FC,VH,5.0,A,36.2,69.9,8.7,53.5,72.8,25.4,39.0,241,10.0
237,UNIVERSITY OF LEICESTER,238.0,32.0,225.0,31.0,United Kingdom,L,FC,VH,4.0,A,24.6,18.5,44.5,48.5,83.1,89.1,39.0,242,31.0
238,SCIENCES PO PARIS,220.0,6.0,221.0,6.0,France,M,SP,VH,5.0,A,22.3,32.6,89.1,5.1,56.0,99.2,38.9,243,5.0
239,RHEINISCHE FRIEDRICH-WILHELMS-UNIVERSITAT BONN,239.0,14.0,255.0,15.0,Germany,XL,FC,VH,5.0,A,49.6,16.7,46.6,22.3,40.9,26.4,38.8,244,14.0
240,AMERICAN UNIVERSITY OF BEIRUT (AUB),235.0,1.0,237.0,1.0,Lebanon,M,FC,VH,5.0,B,24.6,52.9,63.1,15.2,90.2,64.6,38.7,245,1.0
241,UNIVERSIDAD DE NAVARRA,271.0,5.0,242.0,5.0,Spain,M,FC,VH,4.0,B,31.0,75.1,44.1,25.8,21.6,68.1,38.5,246,5.0
242,UNIVERSITY OF SUSSEX,228.0,30.0,227.0,32.0,United Kingdom,L,FC,HI,4.0,A,28.7,11.0,29.3,51.2,96.9,95.6,38.4,247,32.0
243,CHULALONGKORN UNIVERSITY,245.0,1.0,271.0,1.0,Thailand,XL,FC,HI,5.0,A,62.4,56.5,25.6,8.5,11.5,2.5,38.3,248,1.0
244,KYUNG HEE UNIVERSITY,257.0,8.0,265.0,8.0,South Korea,L,FC,VH,4.0,B,27.1,32.4,87.8,18.4,15.2,41.1,38.3,249,8.0
245,ECOLE DES PONTS PARISTECH,270.0,10.0,263.0,8.0,France,S,FO,VH,5.0,A,8.7,53.9,92.1,20.2,27.1,99.7,37.8,250,6.0
246,NATIONAL TAIWAN UNIVERSITY OF SCIENCE AND TECHNOLOGY,265.0,5.0,257.0,5.0,Taiwan,M,FO,VH,3.0,A,24.4,30.6,64.2,43.6,24.3,36.7,37.6,251,5.0
247,UNIVERSITE LIBRE DE BRUXELLES (ULB),206.0,5.0,240.0,6.0,Belgium,L,FC,VH,5.0,A,33.8,58.6,11.0,38.0,71.3,95.5,37.6,252,6.0
248,TUFTS UNIVERSITY,244.0,55.0,238.0,54.0,United States,M,FC,VH,5.0,B,20.2,9.8,78.9,45.7,29.4,38.5,37.5,253,54.0
249,UNIVERSIDAD NACIONAL DE COLOMBIA,254.0,1.0,275.0,2.0,Colombia,XL,FC,HI,5.0,A,61.5,89.7,11.1,5.3,8.3,1.3,37.5,254,2.0
250,UNIVERSITY OF GOTHENBURG,285.0,6.0,270.0,6.0,Sweden,L,FC,VH,5.0,A,37.7,12.2,57.1,32.0,43.7,17.6,37.3,256,6.0
251,TECHNION - ISRAEL INSTITUTE OF TECHNOLOGY,225.0,3.0,247.0,3.0,Israel,L,FC,VH,5.0,A,28.4,34.7,24.6,69.5,64.0,3.8,37.2,257,3.0
252,WUHAN UNIVERSITY,282.0,9.0,258.0,8.0,China,XL,FC,VH,5.0,A,38.0,51.3,21.7,46.5,50.7,10.7,37.2,258,8.0
253,"NATIONAL UNIVERSITY OF IRELAND, GALWAY (NUIG)",243.0,3.0,260.0,3.0,Ireland,L,FC,HI,5.0,A,22.4,24.4,73.7,16.1,90.9,61.1,37.1,259,3.0
254,TECHNISCHE UNIVERSITAT DARMSTADT,272.0,17.0,253.0,14.0,Germany,L,FO,VH,5.0,A,20.0,71.1,6.5,72.9,51.9,65.0,37.0,260,15.0
255,HONG KONG BAPTIST UNIVERSITY (HKBU),300.0,6.0,277.0,6.0,Hong Kong,M,FC,VH,3.0,A,18.6,15.4,41.5,49.8,99.9,90.4,36.9,261,6.0
256,"RUTGERS - THE STATE UNIVERSITY OF NEW JERSEY, NEW BRUNSWICK",283.0,59.0,284.0,59.0,United States,XL,CO,VH,5.0,A,39.4,32.0,49.3,23.3,27.1,36.6,36.8,262,55.0
257,UNIVERSITE PARIS-SUD 11,242.0,8.0,241.0,7.0,France,L,CO,VH,5.0,A,27.1,13.0,80.4,21.3,42.9,40.3,36.8,263,7.0
258,UNIVERSITY OF ARIZONA,231.0,54.0,246.0,56.0,United States,XL,FC,VH,5.0,A,41.9,20.1,37.6,41.9,21.7,17.5,36.8,264,56.0
259,TONGJI UNIVERSITY,317.0,10.0,291.0,10.0,China,XL,FC,VH,5.0,A,32.2,9.6,26.2,58.4,89.1,27.9,36.7,265,9.0
260,UNIVERSITAT INNSBRUCK,286.0,3.0,282.0,3.0,Austria,L,FC,HI,5.0,A,20.4,19.9,66.1,16.0,98.4,99.3,36.6,266,3.0
261,UNIVERSITY OF WAIKATO,292.0,5.0,274.0,5.0,New Zealand,M,CO,VH,4.0,A,19.7,17.8,14.9,75.3,97.8,78.3,36.6,267,5.0
262,KHALIFA UNIVERSITY,453.0,3.0,316.0,1.0,United Arab Emirates,S,SP,VH,2.0,A,9.3,9.7,77.3,42.2,100.0,55.6,36.5,268,1.0
263,TOMSK STATE UNIVERSITY,323.0,5.0,278.0,4.0,Russia,M,CO,VH,5.0,A,20.5,17.3,99.8,4.5,23.4,88.9,36.5,269,4.0
264,UNIVERSITY OF TSUKUBA,251.0,11.0,262.0,11.0,Japan,L,FC,VH,3.0,A,35.0,13.1,70.3,22.3,16.0,30.4,36.3,270,11.0
265,DEAKIN UNIVERSITY,293.0,17.0,309.0,18.0,Australia,XL,FC,VH,3.0,A,30.1,44.2,6.4,47.6,97.1,77.0,36.1,271,16.0
266,INDIAN INSTITUTE OF TECHNOLOGY MADRAS (IITM),264.0,4.0,264.0,4.0,India,M,CO,VH,4.0,A,35.3,47.3,28.0,56.4,3.4,1.6,36.1,272,4.0
267,UNIVERSITY OF MIAMI,252.0,57.0,243.0,55.0,United States,L,FC,VH,4.0,B,22.2,23.8,62.7,49.2,7.6,39.4,36.1,273,57.0
268,UNIVERSITY OF SOUTH AUSTRALIA (UNISA),280.0,16.0,267.0,16.0,Australia,L,CO,VH,3.0,A,25.1,19.9,27.5,51.9,100.0,58.2,35.9,274,17.0
269,UNIVERSITY OF SURREY,273.0,35.0,248.0,34.0,United Kingdom,L,CO,VH,4.0,A,22.5,29.3,25.4,45.3,96.6,97.0,35.9,275,33.0
270,QATAR UNIVERSITY,349.0,1.0,334.0,1.0,Qatar,M,FC,VH,3.0,A,16.9,28.3,66.4,14.3,100.0,98.3,35.8,276,1.0
271,BEIJING NORMAL UNIVERSITY,256.0,8.0,292.0,11.0,China,L,CO,VH,5.0,A,39.0,12.3,31.2,48.6,23.6,31.4,35.7,277,10.0
272,HARBIN INSTITUTE OF TECHNOLOGY,326.0,12.0,285.0,9.0,China,XL,FO,VH,4.0,A,21.8,7.3,52.6,72.9,10.8,10.0,35.7,278,11.0
273,UNIVERSITAT STUTTGART,261.0,16.0,261.0,16.0,Germany,L,CO,VH,5.0,A,26.0,55.0,8.2,65.9,34.2,61.2,35.6,279,16.0
274,DALHOUSIE UNIVERSITY,279.0,12.0,279.0,12.0,Canada,L,FC,VH,5.0,A,19.1,19.1,23.7,61.8,100.0,73.4,35.4,280,11.0
275,INDIAN INSTITUTE OF TECHNOLOGY KHARAGPUR (IITKGP),309.0,6.0,295.0,6.0,India,M,FO,VH,4.0,A,26.6,41.1,21.6,78.4,5.3,1.0,35.2,281,5.0
276,KING SAUD UNIVERSITY (KSU),221.0,2.0,256.0,3.0,Saudi Arabia,XL,FC,VH,4.0,A,28.3,16.8,69.0,15.9,91.5,11.3,35.2,282,3.0
277,UNIVERSITY OF OTTAWA,290.0,13.0,290.0,13.0,Canada,XL,FC,VH,5.0,A,25.2,37.2,7.6,62.0,91.3,56.7,35.2,283,12.0
278,BAUMAN MOSCOW STATE TECHNICAL UNIVERSITY,291.0,4.0,299.0,5.0,Russia,L,CO,HI,5.0,A,21.0,53.4,100.0,1.2,8.5,12.4,35.1,284,5.0
279,NORTH CAROLINA STATE UNIVERSITY,263.0,58.0,280.0,58.0,United States,XL,CO,VH,5.0,A,32.0,19.7,30.3,47.8,60.7,29.1,35.0,285,58.0
280,UNIVERSITAT POMPEU FABRA,298.0,8.0,298.0,8.0,Spain,M,CO,VH,3.0,A,31.6,30.9,17.3,55.6,66.3,25.8,35.0,286,6.0
281,MASSEY UNIVERSITY,316.0,6.0,333.0,7.0,New Zealand,M,CO,VH,4.0,A,29.1,30.7,24.3,27.7,98.6,94.8,34.9,287,6.0
282,NATIONAL YANG MING UNIVERSITY,329.0,7.0,293.0,6.0,Taiwan,S,FC,VH,3.0,A,14.4,16.9,99.9,33.2,5.8,7.8,34.9,288,6.0
283,SUN YAT-SEN UNIVERSITY,320.0,11.0,296.0,12.0,China,XL,FC,VH,4.0,A,35.3,33.2,49.7,32.2,11.4,7.6,34.9,289,12.0
284,UNIVERSITY OF TURKU,276.0,3.0,286.0,3.0,Finland,L,FC,VH,4.0,A,26.1,41.4,60.0,32.9,27.2,5.7,34.9,290,3.0
285,CHARLES UNIVERSITY,314.0,1.0,317.0,1.0,Czech Republic,XL,FC,VH,5.0,A,41.6,37.5,43.2,11.7,19.4,46.6,34.8,291,1.0
286,INDIAN INSTITUTE OF TECHNOLOGY KANPUR (IITK),294.0,5.0,283.0,5.0,India,M,CO,VH,4.0,A,29.9,32.4,14.1,82.3,1.9,1.3,34.8,292,6.0
287,ROYAL HOLLOWAY UNIVERSITY OF LONDON,260.0,33.0,236.0,33.0,United Kingdom,M,CO,VH,5.0,A,18.6,12.4,26.8,55.0,98.0,95.2,34.8,293,34.0
288,UNIVERSITAT FRANKFURT AM MAIN,255.0,15.0,281.0,17.0,Germany,XL,FC,VH,5.0,A,49.9,36.8,23.7,19.0,15.8,33.5,34.8,294,17.0
289,UNIVERSITY OF TASMANIA,313.0,18.0,287.0,17.0,Australia,L,CO,VH,5.0,A,21.0,10.1,21.1,58.6,90.8,96.2,34.8,295,18.0
290,UNIVERSITY OF INDONESIA,277.0,1.0,294.0,1.0,Indonesia,XL,FC,HI,5.0,A,39.5,47.3,43.4,1.9,94.5,5.0,34.7,296,1.0
291,UNIVERSITY OF STRATHCLYDE,278.0,37.0,268.0,35.0,United Kingdom,L,CO,VH,4.0,A,26.1,47.5,26.4,28.2,94.0,75.4,34.7,297,35.0
292,UNIVERSIDAD CARLOS III DE MADRID,281.0,7.0,254.0,6.0,Spain,L,FO,VH,3.0,A,30.5,51.5,60.7,9.7,36.5,25.2,34.6,298,7.0
294,UNIVERSITAT POLITECNICA DE CATALUNYA,275.0,6.0,276.0,7.0,Spain,L,CO,VH,3.0,A,34.7,35.2,53.1,22.1,10.4,28.8,34.5,300,8.0
295,UNIVERSITY OF TARTU,315.0,1.0,322.0,1.0,Estonia,M,FC,VH,5.0,A,23.7,21.9,82.7,17.8,27.2,23.3,34.4,301,1.0
296,MOSCOW INSTITUTE OF PHYSICS AND TECHNOLOGY STATE UNIVERSITY,355.0,6.0,312.0,6.0,Russia,M,FO,VH,4.0,A,14.9,27.8,97.9,11.4,32.7,39.3,34.3,302,6.0
297,UNIVERSITA DEGLI STUDI DI MILANO,327.0,8.0,325.0,7.0,Italy,XL,FC,VH,4.0,A,48.4,23.3,10.7,46.8,10.8,8.3,34.3,303,5.0
298,UNIVERSITY OF DUNDEE,268.0,34.0,273.0,37.0,United Kingdom,L,FC,HI,4.0,A,19.1,10.2,67.2,24.2,86.5,58.3,34.3,304,36.0
299,UNIVERSITE PARIS 1 PANTHEON-SORBONNE,269.0,9.0,301.0,11.0,France,XL,FO,HI,5.0,A,58.3,48.2,5.5,3.6,21.0,61.2,34.2,305,8.0
300,"UNIVERSITY OF MASSACHUSETTS, AMHERST",249.0,56.0,259.0,57.0,United States,L,CO,VH,5.0,A,42.1,16.6,18.1,51.3,16.2,18.0,34.2,306,59.0
301,XI'AN JIAOTONG UNIVERSITY,345.0,14.0,314.0,13.0,China,XL,FC,VH,5.0,A,24.8,28.4,43.8,54.0,20.9,11.6,34.1,307,13.0
302,UNIVERSITAT KOLN,333.0,20.0,307.0,19.0,Germany,XL,FC,VH,5.0,A,38.2,42.9,28.6,20.4,53.2,37.7,34.0,308,18.0
303,"SOAS - SCHOOL OF ORIENTAL AND AFRICAN STUDIES, UNIVERSITY OF LONDON",296.0,38.0,288.0,38.0,United Kingdom,S,SP,VH,5.0,A,22.6,11.8,47.5,20.3,100.0,100.0,33.9,309,37.0
304,UNIVERSITY COLLEGE CORK (UCC),284.0,4.0,341.0,4.0,Ireland,L,FC,VH,5.0,A,28.8,30.0,36.1,24.1,93.0,46.8,33.7,310,4.0
306,INDIANA UNIVERSITY BLOOMINGTON,304.0,61.0,323.0,63.0,United States,XL,FC,VH,5.0,A,40.7,24.5,30.5,25.4,45.3,24.6,33.5,313,60.0
307,HERIOT-WATT UNIVERSITY,312.0,40.0,302.0,39.0,United Kingdom,M,CO,VH,4.0,A,15.3,31.5,28.3,43.0,99.5,95.3,33.4,314,38.0
308,MAHIDOL UNIVERSITY,335.0,2.0,380.0,2.0,Thailand,L,FC,VH,4.0,A,38.9,33.2,61.4,6.7,8.9,5.9,33.4,315,2.0
309,SIMON FRASER UNIVERSITY,246.0,11.0,266.0,11.0,Canada,L,CO,VH,4.0,A,23.7,23.0,6.4,55.5,91.7,91.5,33.4,316,13.0
310,UNIVERSITAT MANNHEIM,389.0,24.0,340.0,23.0,Germany,M,FO,VH,5.0,A,18.0,63.6,6.7,76.2,35.2,27.8,33.4,317,19.0
311,UNIVERSITY OF EAST ANGLIA (UEA),274.0,36.0,269.0,36.0,United Kingdom,L,FC,HI,4.0,A,19.2,8.8,37.8,47.9,81.2,71.1,33.4,318,39.0
312,UNIVERSITAT ERLANGEN-NURNBERG,288.0,18.0,300.0,18.0,Germany,XL,FC,VH,5.0,A,22.3,19.3,3.4,95.3,27.1,25.4,33.3,319,20.0
313,GRIFFITH UNIVERSITY,325.0,19.0,329.0,19.0,Australia,XL,FC,VH,3.0,A,27.3,23.2,13.2,51.2,98.9,41.1,33.2,320,19.0
314,UNIVERSITAS GADJAH MADA,406.0,3.0,391.0,3.0,Indonesia,XL,FC,MD,4.0,A,41.3,36.7,51.3,1.6,42.9,2.5,33.2,321,2.0
315,GWANGJU INSTITUTE OF SCIENCE AND TECHNOLOGY (GIST),340.0,10.0,315.0,9.0,South Korea,S,FO,VH,3.0,A,11.0,3.9,36.8,100.0,10.1,7.2,33.1,322,9.0
316,NATIONAL RESEARCH UNIVERSITY - HIGHER SCHOOL OF ECONOMICS (HSE),382.0,9.0,344.0,8.0,Russia,XL,FO,VH,3.0,A,22.6,33.0,94.8,2.1,9.6,16.7,33.1,323,7.0
317,AALBORG UNIVERSITY,379.0,4.0,343.0,4.0,Denmark,L,FC,VH,3.0,A,17.5,32.5,44.7,43.5,69.8,30.8,33.0,324,4.0
318,LINKOPING UNIVERSITY,287.0,7.0,303.0,7.0,Sweden,L,CO,VH,4.0,A,19.7,24.9,40.3,51.5,65.9,17.8,33.0,325,7.0
319,UNIVERSITY OF HAWAII AT M?NOA,342.0,66.0,304.0,60.0,United States,L,FC,VH,5.0,A,16.6,9.3,59.0,46.9,61.4,20.0,32.9,326,61.0
320,VIRGINIA POLYTECHNIC INSTITUTE (VIRGINIA TECH),371.0,70.0,342.0,66.0,United States,XL,FC,VH,5.0,A,29.5,36.9,29.9,37.4,43.8,29.3,32.7,327,62.0
321,"BIRKBECK COLLEGE, UNIVERSITY OF LONDON",308.0,39.0,306.0,40.0,United Kingdom,M,FO,VH,5.0,A,14.4,5.3,22.8,60.0,96.1,96.9,32.6,328,40.0
322,"NATIONAL RESEARCH NUCLEAR UNIVERSITY ""MEPHI"" (MOSCOW ENGINEERING PHYSICS INSTITUTE)",375.0,8.0,330.0,7.0,Russia,M,FO,VH,4.0,A,9.8,14.7,97.6,6.7,46.2,74.1,32.4,329,8.0
323,UNITED ARAB EMIRATES UNIVERSITY,390.0,1.0,350.0,2.0,United Arab Emirates,M,FC,HI,3.0,A,20.4,27.2,58.1,11.8,100.0,48.4,32.4,330,2.0
324,BANDUNG INSTITUTE OF TECHNOLOGY (ITB),331.0,2.0,359.0,2.0,Indonesia,L,CO,VH,4.0,A,39.3,39.8,51.3,3.7,29.2,1.6,32.3,331,3.0
325,EWHA WOMANS UNIVERSITY,299.0,9.0,319.0,10.0,South Korea,L,FC,HI,5.0,B,22.4,16.5,82.7,13.3,10.5,36.9,32.3,332,10.0
326,NATIONAL TAIWAN NORMAL UNIVERSITY,289.0,6.0,308.0,7.0,Taiwan,M,CO,VH,4.0,A,28.8,11.4,70.8,11.0,15.1,49.0,32.3,333,7.0
327,HIROSHIMA UNIVERSITY,322.0,12.0,321.0,12.0,Japan,L,FC,VH,4.0,A,24.1,9.7,84.1,15.4,13.8,17.1,32.2,334,12.0
329,GEORGE WASHINGTON UNIVERSITY,353.0,68.0,345.0,67.0,United States,L,FC,VH,5.0,B,27.6,26.1,36.9,31.9,37.5,53.0,32.0,336,63.0
330,UNIVERSIDAD POLITECNICA DE VALENCIA,376.0,9.0,310.0,9.0,Spain,L,CO,VH,4.0,A,22.8,17.7,80.8,18.3,5.8,18.8,32.0,337,10.0
331,JAGIELLONIAN UNIVERSITY,461.0,2.0,411.0,2.0,Poland,XL,FC,HI,5.0,A,33.8,39.5,59.3,6.5,4.8,17.6,31.9,338,1.0
332,UNIVERSITY OF LISBON,306.0,2.0,358.0,2.0,Portugal,XL,FC,VH,1.0,A,40.5,28.1,15.6,38.2,8.0,32.5,31.9,339,1.0
333,UMEA UNIVERSITY,338.0,8.0,339.0,8.0,Sweden,L,FC,VH,4.0,A,18.5,8.7,81.4,25.2,29.6,13.2,31.8,340,8.0
334,UNIVERSITAT ULM,358.0,22.0,335.0,22.0,Germany,M,CO,VH,4.0,A,7.8,7.0,82.9,37.2,48.8,28.2,31.8,342,21.0
335,UNIVERSITY AT BUFFALO SUNY,318.0,62.0,313.0,62.0,United States,L,FC,VH,5.0,A,19.1,12.5,9.1,70.4,86.2,52.2,31.8,343,64.0
336,NORTHEASTERN UNIVERSITY,347.0,67.0,326.0,64.0,United States,L,CO,VH,5.0,B,18.9,18.2,20.6,45.5,85.3,93.8,31.7,344,65.0
337,PONTIFICIA UNIVERSIDAD CATOLICA ARGENTINA SANTA MARIA DE LOS BUENOS AIRES (UCA),364.0,4.0,370.0,3.0,Argentina,L,FC,LO,4.0,B,17.7,44.3,95.3,1.1,2.9,13.2,31.7,345,2.0
338,UNIVERSITY OF JYVASKYLA,359.0,4.0,337.0,4.0,Finland,M,CO,VH,4.0,A,17.0,5.9,87.2,22.1,39.3,5.9,31.6,346,4.0
339,WESTFALISCHE WILHELMS-UNIVERSITAT MUNSTER,310.0,19.0,331.0,21.0,Germany,XL,FC,VH,5.0,A,34.8,31.2,42.2,20.0,25.8,9.4,31.3,347,22.0
340,POLITECNICO DI TORINO,307.0,7.0,388.0,8.0,Italy,XL,FO,VH,5.0,A,32.6,51.5,3.2,53.0,3.9,30.1,31.2,348,6.0
342,UNIVERSITY OF WARSAW,419.0,1.0,395.0,1.0,Poland,XL,CO,VH,5.0,A,40.3,47.1,38.7,6.8,9.2,12.0,31.1,350,2.0
343,BELARUS STATE UNIVERSITY,334.0,1.0,354.0,1.0,Belarus,L,FO,HI,4.0,A,18.0,32.4,94.2,1.7,5.5,20.6,31.0,351,1.0
344,UNIVERSITE GRENOBLE-ALPES (UGA),237.0,7.0,289.0,9.0,France,XL,FC,VH,1.0,A,44.7,9.3,13.4,33.2,25.1,30.8,31.0,352,10.0
345,UNIVERSITY OF PORTO,302.0,1.0,328.0,1.0,Portugal,L,FC,VH,5.0,A,37.0,24.2,16.1,47.4,5.5,12.7,30.9,353,2.0
346,UNIVERSITY OF UTAH,393.0,73.0,347.0,69.0,United States,L,FC,VH,5.0,A,16.9,8.1,61.9,45.0,25.3,12.1,30.9,354,66.0
348,LINCOLN UNIVERSITY,319.0,7.0,318.0,6.0,New Zealand,S,CO,VH,5.0,A,8.7,10.0,44.0,37.9,95.9,98.8,30.7,356,7.0
349,UNIVERSITY OF THE PHILIPPINES,369.0,1.0,386.0,1.0,Philippines,XL,FC,MD,5.0,A,34.2,39.5,62.0,2.1,1.8,1.5,30.7,357,1.0
350,UNIVERSIDADE FEDERAL DO RIO DE JANEIRO,311.0,3.0,361.0,3.0,Brazil,XL,FC,VH,4.0,A,53.8,19.6,21.3,11.5,7.0,2.0,30.6,358,3.0
351,BRUNEL UNIVERSITY,346.0,42.0,332.0,41.0,United Kingdom,L,CO,VH,4.0,A,11.6,14.6,15.4,56.6,99.3,97.7,30.5,359,42.0
352,NORWEGIAN UNIVERSITY OF SCIENCE AND TECHNOLOGY,259.0,3.0,363.0,3.0,Norway,XL,FC,VH,5.0,A,30.2,26.3,30.9,26.9,70.0,12.8,30.5,360,3.0
353,STONY BROOK UNIVERSITY,383.0,71.0,349.0,70.0,United States,L,FC,VH,4.0,A,20.9,9.6,35.3,39.7,42.9,79.1,30.5,361,67.0
354,TOKYO MEDICAL AND DENTAL UNIVERSITY,368.0,14.0,353.0,14.0,Japan,S,FO,VH,4.0,A,11.2,5.0,100.0,21.8,3.6,16.7,30.5,362,13.0
355,UNIVERSITY OF VICTORIA,348.0,14.0,360.0,14.0,Canada,L,CO,VH,4.0,A,16.0,10.7,5.9,72.2,92.4,51.1,30.4,364,14.0
356,URAL FEDERAL UNIVERSITY,501.0,13.0,414.0,12.0,Russia,L,CO,VH,4.0,A,17.7,14.6,94.0,2.1,15.7,34.7,30.4,365,9.0
357,MOSCOW STATE INSTITUTE OF INTERNATIONAL RELATIONS - MGIMO UNIVERSITY,374.0,7.0,355.0,9.0,Russia,M,SP,MD,4.0,A,9.9,25.7,99.9,1.1,15.6,54.7,30.3,366,10.0
358,"UNIVERSITY OF CALIFORNIA, SANTA CRUZ (UCSC)",301.0,60.0,336.0,65.0,United States,L,CO,VH,4.0,A,19.8,7.9,11.9,79.2,44.8,18.7,30.2,367,68.0
359,NANKAI UNIVERSITY,344.0,13.0,338.0,14.0,China,L,FC,VH,5.0,A,22.3,5.4,28.4,63.2,30.9,8.0,29.8,368,14.0
360,UNIVERSITY OF KENT,377.0,46.0,357.0,44.0,United Kingdom,L,CO,VH,4.0,A,20.3,10.4,22.6,36.7,98.2,74.5,29.8,369,43.0
361,UNIVERSITY OF ESSEX,354.0,43.0,356.0,43.0,United Kingdom,L,CO,HI,4.0,A,19.3,9.0,13.2,41.9,99.7,99.4,29.7,370,44.0
362,AMERICAN UNIVERSITY OF SHARJAH,411.0,2.0,376.0,3.0,United Arab Emirates,S,FC,HI,2.0,B,18.3,35.1,30.2,13.4,100.0,100.0,29.6,371,3.0
363,TILBURG UNIVERSITY,357.0,13.0,320.0,13.0,Netherlands,M,FO,VH,4.0,A,15.0,24.1,12.4,62.5,84.2,38.7,29.6,372,13.0
364,UNIVERSITY OF KANSAS,387.0,72.0,368.0,71.0,United States,L,FC,VH,5.0,A,15.3,15.6,82.5,18.5,14.7,14.1,29.4,373,69.0
365,UNIVERSITY OF SOUTHERN DENMARK,384.0,5.0,379.0,5.0,Denmark,L,FO,VH,4.0,A,19.3,18.4,39.9,32.2,73.6,33.0,29.4,374,5.0
366,UNIVERSITY OF OULU,418.0,6.0,378.0,6.0,Finland,M,FC,VH,4.0,A,16.2,21.2,45.0,44.7,43.1,9.2,29.3,375,5.0
367,OXFORD BROOKES UNIVERSITY,361.0,44.0,364.0,45.0,United Kingdom,L,CO,HI,3.0,A,26.7,57.8,15.5,13.9,61.7,72.1,29.1,377,45.0
368,JAMES COOK UNIVERSITY (JCU),367.0,21.0,369.0,20.0,Australia,L,FC,HI,3.0,A,15.0,11.8,9.6,56.1,94.0,77.9,29.0,378,20.0
369,UNIVERSITY OF CONNECTICUT,427.0,80.0,374.0,72.0,United States,L,FC,VH,5.0,A,15.9,9.2,15.0,69.8,65.4,27.5,29.0,379,70.0
370,SULTAN QABOOS UNIVERSITY,454.0,1.0,452.0,1.0,Oman,M,FC,HI,3.0,A,12.1,14.8,74.5,11.2,100.0,7.6,28.9,380,1.0
371,TAIPEI MEDICAL UNIVERSITY,400.0,10.0,362.0,8.0,Taiwan,M,FO,VH,4.0,B,9.6,12.3,87.0,21.6,22.1,18.8,28.9,381,8.0
372,UNIVERSITE DE STRASBOURG,303.0,12.0,348.0,13.0,France,XL,FC,HI,2.0,A,44.3,6.7,8.2,23.4,39.5,42.7,28.9,382,11.0
374,RENSSELAER POLYTECHNIC INSTITUTE,365.0,69.0,346.0,68.0,United States,M,CO,VH,5.0,B,10.1,8.5,30.2,66.1,38.2,51.9,28.8,385,71.0
375,SWINBURNE UNIVERSITY OF TECHNOLOGY,424.0,22.0,389.0,21.0,Australia,L,CO,VH,3.0,A,14.3,20.2,19.5,38.0,98.3,91.2,28.8,386,21.0
376,UNIVERSIDAD DE PALERMO,440.0,5.0,421.0,5.0,Argentina,M,FO,MD,3.0,B,9.8,9.6,84.6,1.2,35.1,97.5,28.8,387,3.0
377,TOMSK POLYTECHNIC UNIVERSITY,386.0,10.0,373.0,10.0,Russia,M,FO,VH,5.0,A,9.0,14.6,88.3,4.8,13.4,85.0,28.7,388,11.0
378,UNIVERSITY OF MACAU,544.0,1.0,445.0,1.0,Macau,M,FO,VH,3.0,A,11.2,6.4,24.3,43.9,100.0,96.2,28.7,389,1.0
379,UNIVERSITA DEGLI STUDI DI TRENTO,448.0,10.0,427.0,10.0,Italy,L,CO,VH,4.0,A,25.3,11.7,16.2,60.7,30.6,6.7,28.6,390,7.0
380,UNIVERSITA DI PISA,426.0,9.0,424.0,9.0,Italy,XL,FC,VH,5.0,A,40.7,19.8,11.4,36.6,6.8,5.5,28.6,391,8.0
381,UNIVERSITY OF TROMSO,370.0,4.0,371.0,4.0,Norway,L,FC,HI,4.0,A,13.6,2.8,81.8,12.1,69.6,10.3,28.6,392,4.0
382,KAZAN FEDERAL UNIVERSITY,444.0,12.0,439.0,13.0,Russia,L,FO,VH,5.0,A,18.2,8.0,82.3,3.5,9.7,53.1,28.5,393,12.0
384,UNIVERSITY OF COLORADO AT DENVER,394.0,74.0,401.0,77.0,United States,L,FC,VH,5.0,A,8.7,8.7,100.0,15.9,5.0,12.3,28.5,395,72.0
385,KOBE UNIVERSITY,351.0,13.0,352.0,13.0,Japan,L,FC,VH,4.0,A,24.6,27.4,58.3,15.4,10.2,9.0,28.4,396,14.0
387,UNIVERSITY OF ST GALLEN (HSG),372.0,8.0,375.0,8.0,Switzerland,M,SP,VH,5.0,A,9.7,66.4,8.1,31.8,100.0,93.5,28.3,399,8.0
388,WAKE FOREST UNIVERSITY,420.0,78.0,390.0,75.0,United States,M,FC,VH,5.0,B,5.9,7.8,100.0,19.6,7.4,16.2,28.3,400,73.0
389,HUAZHONG UNIVERSITY OF SCIENCE AND TECHNOLOGY,473.0,18.0,415.0,15.0,China,XL,FC,VH,4.0,A,19.2,23.4,17.3,68.1,12.7,6.6,28.2,401,15.0
390,LA TROBE UNIVERSITY,360.0,20.0,398.0,22.0,Australia,L,CO,VH,4.0,A,19.8,22.0,8.4,33.2,97.7,95.9,28.2,402,22.0
391,NATIONAL UNIVERSITY OF SCIENCES AND TECHNOLOGY (NUST) ISLAMABAD,437.0,1.0,417.0,2.0,Pakistan,M,CO,VH,3.0,A,16.4,39.4,76.6,9.2,3.7,5.4,28.2,403,1.0
392,UNIVERSIDAD AUSTRAL,332.0,2.0,367.0,2.0,Argentina,S,CO,MD,3.0,B,15.6,36.9,84.4,1.9,6.1,12.2,28.2,404,4.0
393,UNIVERSITY OF THE WITWATERSRAND,366.0,3.0,383.0,2.0,South Africa,L,FC,VH,5.0,A,24.9,36.9,11.7,37.4,83.5,10.0,28.2,405,2.0
394,WASHINGTON STATE UNIVERSITY,410.0,76.0,393.0,76.0,United States,L,FC,VH,5.0,A,28.4,23.4,18.5,35.6,62.0,10.6,28.2,406,74.0
395,UNIVERSITY OF COIMBRA,407.0,4.0,410.0,4.0,Portugal,L,FC,VH,5.0,A,30.1,13.1,19.0,37.1,12.4,57.2,28.1,407,3.0
396,HUFS - HANKUK (KOREA) UNIVERSITY OF FOREIGN STUDIES,397.0,11.0,387.0,11.0,South Korea,L,CO,HI,4.0,B,12.2,20.1,82.7,2.2,40.3,40.9,28.0,408,11.0
397,SHARIF UNIVERSITY OF TECHNOLOGY,479.0,1.0,434.0,1.0,Iran,M,FO,VH,4.0,A,11.8,23.7,14.2,88.3,5.2,2.0,28.0,409,1.0
398,UNIVERSITY OF TENNESSEE,460.0,87.0,419.0,79.0,United States,L,FC,VH,5.0,A,12.1,28.1,19.3,79.3,5.7,4.5,28.0,410,75.0
399,JOHANNES GUTENBERG UNIVERSITAT MAINZ,399.0,25.0,408.0,26.0,Germany,XL,FC,VH,5.0,A,21.8,11.1,54.7,20.9,34.5,22.8,27.9,411,23.0
400,NATIONAL SUN YAT-SEN UNIVERSITY,388.0,8.0,403.0,9.0,Taiwan,M,CO,VH,3.0,A,24.7,19.4,36.5,37.6,15.6,8.6,27.9,412,9.0
401,CHUNG-ANG UNIVERSITY,962.0,30.0,397.0,12.0,South Korea,L,FC,HI,5.0,B,14.1,21.1,77.3,11.0,16.5,29.6,27.8,413,12.0
402,JOHANNES KEPLER UNIVERSITAT LINZ (JKU),475.0,4.0,458.0,5.0,Austria,M,CO,VH,4.0,A,11.2,29.1,52.0,25.2,77.4,20.6,27.8,414,4.0
403,SHANGHAI UNIVERSITY,423.0,15.0,423.0,16.0,China,XL,CO,VH,3.0,A,25.0,6.4,54.9,17.6,46.3,5.2,27.8,415,16.0
404,LAVAL UNIVERSITY,378.0,15.0,402.0,15.0,Canada,L,FC,VH,5.0,A,21.3,21.3,30.7,29.6,69.1,28.7,27.7,416,15.0
405,"GOLDSMITHS, UNIVERSITY OF LONDON",398.0,47.0,396.0,47.0,United Kingdom,M,FO,VH,5.0,A,20.5,7.9,20.3,26.5,86.6,95.7,27.6,417,46.0
406,L.N. GUMILYOV EURASIAN NATIONAL UNIVERSITY,336.0,2.0,394.0,2.0,Kazakhstan,L,FO,HI,2.0,A,12.9,14.8,93.0,1.4,32.3,6.1,27.5,418,2.0
407,BEN GURION UNIVERSITY OF THE NEGEV,352.0,4.0,407.0,4.0,Israel,L,FC,VH,4.0,A,16.4,19.1,18.2,53.3,70.1,21.3,27.4,419,4.0
408,TULANE UNIVERSITY,455.0,86.0,412.0,78.0,United States,M,FC,VH,5.0,B,10.6,5.1,85.7,17.2,17.6,22.1,27.4,420,76.0
409,ILLINOIS INSTITUTE OF TECHNOLOGY,396.0,75.0,426.0,80.0,United States,M,CO,VH,5.0,B,17.0,7.4,16.1,51.7,23.1,100.0,27.3,421,77.0
410,UNIVERSIDADE NOVA DE LISBOA,363.0,3.0,406.0,3.0,Portugal,L,FC,VH,3.0,A,26.9,27.8,28.2,22.4,26.7,43.8,27.3,422,4.0
411,UNIVERSITY OF IOWA,429.0,82.0,438.0,84.0,United States,L,FC,VH,5.0,A,22.4,13.0,43.2,32.9,16.9,17.0,27.3,423,78.0
412,FLINDERS UNIVERSITY,560.0,25.0,478.0,24.0,Australia,L,FC,HI,4.0,A,14.3,8.8,8.6,48.9,91.4,88.1,27.2,424,23.0
413,UNIVERSITA DEGLI STUDI DI NAPOLI FEDERICO II,488.0,14.0,474.0,11.0,Italy,XL,FC,VH,5.0,A,31.6,15.4,6.0,57.4,3.1,1.1,27.2,425,9.0
414,UNIVERSITAT KONSTANZ,385.0,23.0,400.0,25.0,Germany,M,CO,VH,4.0,A,24.2,8.5,37.6,24.2,56.7,27.5,27.2,426,24.0
415,NATIONAL CENTRAL UNIVERSITY,392.0,9.0,416.0,10.0,Taiwan,M,CO,VH,4.0,A,23.0,19.5,32.8,36.3,20.7,20.3,27.1,427,10.0
416,STELLENBOSCH UNIVERSITY,362.0,2.0,405.0,3.0,South Africa,L,FC,VH,5.0,A,25.9,31.0,4.5,50.6,38.2,11.6,27.1,428,3.0
417,DUBLIN CITY UNIVERSITY (DCU),391.0,5.0,422.0,5.0,Ireland,L,CO,HI,3.0,A,16.8,25.9,39.1,16.2,79.6,51.0,27.0,429,5.0
418,TIANJIN UNIVERSITY,480.0,19.0,444.0,17.0,China,XL,CO,VH,5.0,A,17.9,3.5,21.5,71.6,9.0,6.2,27.0,430,17.0
419,UNIVERSITY OF LIEGE,321.0,7.0,392.0,7.0,Belgium,L,FC,VH,5.0,A,18.5,25.5,25.3,33.5,45.9,57.8,27.0,431,7.0
420,BOSTON COLLEGE,339.0,65.0,377.0,73.0,United States,L,CO,HI,5.0,B,22.9,21.1,37.5,23.6,43.6,19.5,26.7,432,79.0
421,RUHR-UNIVERSITAT BOCHUM,404.0,27.0,372.0,24.0,Germany,XL,FC,VH,4.0,A,22.8,16.7,2.5,59.6,34.3,33.8,26.7,433,25.0
422,UNIVERSIDAD DE ZARAGOZA,465.0,10.0,413.0,10.0,Spain,L,FC,VH,5.0,A,19.2,9.9,74.8,12.0,4.8,6.1,26.7,434,11.0
424,BEIJING INSTITUTE OF TECHNOLOGY,451.0,17.0,465.0,18.0,China,L,FO,VH,4.0,A,20.9,7.0,35.1,47.9,5.0,8.1,26.4,436,18.0
425,ITMO UNIVERSITY,611.0,19.0,514.0,17.0,Russia,M,FO,VH,5.0,A,9.8,13.7,83.3,6.3,18.3,44.1,26.4,437,14.0
426,UNIVERSIDAD DE BELGRANO,337.0,3.0,384.0,4.0,Argentina,M,CO,LO,4.0,B,7.7,19.0,89.2,1.1,6.9,55.8,26.3,438,5.0
427,PETER THE GREAT ST.PETERSBURG POLYTECHNIC UNIVERSITY,403.0,11.0,404.0,11.0,Russia,L,FO,VH,5.0,A,10.5,10.5,77.2,3.3,16.8,78.1,26.2,439,15.0
428,UNIVERSIDADE FEDERAL DE SAO PAULO (UNIFESP),529.0,7.0,469.0,4.0,Brazil,L,FC,VH,4.0,A,11.7,5.1,93.0,10.0,5.5,1.8,26.2,440,4.0
429,UNIVERSITY OF SASKATCHEWAN,458.0,18.0,463.0,16.0,Canada,L,FC,VH,5.0,A,11.5,10.2,31.3,39.3,73.5,53.6,26.2,441,16.0
430,ASTON UNIVERSITY,373.0,45.0,381.0,46.0,United Kingdom,L,CO,HI,4.0,A,10.9,41.9,13.2,35.7,97.3,54.4,26.0,442,47.0
431,AUCKLAND UNIVERSITY OF TECHNOLOGY,442.0,8.0,464.0,8.0,New Zealand,L,CO,HI,2.0,A,19.6,25.9,14.7,12.8,99.5,100.0,26.0,443,8.0
432,BOND UNIVERSITY,431.0,23.0,443.0,23.0,Australia,S,FC,HI,3.0,B,4.1,8.4,47.3,20.3,98.6,99.1,26.0,444,24.0
433,CHIBA UNIVERSITY,504.0,16.0,466.0,17.0,Japan,L,FC,VH,5.0,A,14.6,4.9,79.8,14.7,8.5,6.1,26.0,445,15.0
434,COLORADO STATE UNIVERSITY,484.0,92.0,450.0,87.0,United States,L,CO,VH,5.0,A,18.2,20.8,46.0,26.7,30.9,8.5,26.0,446,80.0
436,FLORIDA STATE UNIVERSITY,434.0,84.0,472.0,91.0,United States,XL,FC,VH,5.0,A,26.9,43.3,12.0,35.4,17.8,5.7,25.8,448,81.0
437,HITOTSUBASHI UNIVERSITY,422.0,15.0,457.0,15.0,Japan,M,SP,HI,5.0,A,21.2,66.8,35.9,4.3,29.2,21.5,25.8,449,16.0
438,UNIVERSITA DEGLI STUDI DI FIRENZE (UNIFI),466.0,11.0,512.0,13.0,Italy,XL,FC,VH,4.0,A,34.2,6.2,10.6,39.2,8.5,20.3,25.8,450,10.0
439,KOC UNIVERSITY,436.0,2.0,449.0,1.0,Turkey,M,CO,VH,3.0,B,16.3,31.4,49.8,18.4,39.9,6.7,25.7,451,1.0
440,"NATIONAL UNIVERSITY OF SCIENCE AND TECHNOLOGY ""MISIS""",517.0,14.0,476.0,15.0,Russia,M,CO,VH,4.0,A,9.3,16.5,74.1,7.3,11.0,68.1,25.7,452,16.0
441,XIAMEN UNIVERSITY,441.0,16.0,477.0,20.0,China,XL,FC,VH,4.0,A,26.1,4.0,26.5,44.1,7.6,4.5,25.7,453,19.0
442,DONGGUK UNIVERSITY,472.0,13.0,433.0,13.0,South Korea,L,FC,HI,5.0,B,10.4,7.0,82.0,9.1,14.4,35.1,25.6,454,13.0
443,NATIONAL TECHNICAL UNIVERSITY OF ATHENS,402.0,1.0,446.0,1.0,Greece,L,FO,VH,5.0,A,18.7,45.0,9.0,56.3,1.6,7.3,25.6,455,1.0
444,SOGANG UNIVERSITY,447.0,12.0,436.0,14.0,South Korea,M,CO,VH,4.0,B,18.6,34.1,51.9,13.0,11.8,21.0,25.6,456,14.0
445,"UNIVERSITY OF CALIFORNIA, RIVERSIDE (UCR)",324.0,63.0,385.0,74.0,United States,L,FC,VH,4.0,A,16.9,12.4,16.6,57.3,44.8,9.9,25.6,457,82.0
446,UNIVERSITE DE BORDEAUX,536.0,21.0,490.0,17.0,France,XL,FO,VH,1.0,A,32.7,5.7,28.9,6.5,51.4,41.6,25.5,458,12.0
447,VILNIUS UNIVERSITY,409.0,1.0,488.0,1.0,Lithuania,L,FC,HI,5.0,A,18.6,22.9,69.5,5.2,9.2,6.1,25.5,459,1.0
448,"UNIVERSITY OF MARYLAND, BALTIMORE COUNTY",491.0,93.0,455.0,89.0,United States,M,FC,VH,4.0,A,10.3,5.4,12.6,83.7,14.9,13.3,25.4,460,83.0
449,OREGON STATE UNIVERSITY,445.0,85.0,451.0,88.0,United States,L,CO,VH,5.0,A,17.9,7.9,29.6,37.6,56.3,21.0,25.3,461,84.0
450,BEIHANG UNIVERSITY,554.0,24.0,491.0,21.0,China,L,CO,VH,4.0,A,15.5,6.0,31.8,55.8,10.1,6.2,25.2,462,20.0
451,CONCORDIA UNIVERSITY,433.0,16.0,467.0,17.0,Canada,XL,CO,VH,3.0,A,15.3,36.2,5.4,28.0,84.4,89.6,25.2,463,17.0
452,JULIUS-MAXIMILIANS-UNIVERSITAT WURZBURG,485.0,31.0,524.0,32.0,Germany,L,FC,VH,5.0,A,15.8,6.0,10.0,66.0,47.9,12.7,25.2,464,26.0
453,SWANSEA UNIVERSITY,439.0,48.0,437.0,51.0,United Kingdom,L,FC,HI,4.0,A,12.9,12.9,33.8,25.9,73.9,61.0,25.2,465,48.0
454,THE CATHOLIC UNIVERSITY OF KOREA,526.0,16.0,459.0,15.0,South Korea,M,FC,VH,5.0,B,4.7,1.9,96.5,17.1,3.2,4.3,25.2,466,15.0
455,UNIVERSITY OF SCIENCE AND TECHNOLOGY BEIJING,596.0,30.0,503.0,22.0,China,L,CO,VH,4.0,A,19.2,5.0,17.0,65.6,4.5,4.1,25.2,467,21.0
456,BRANDEIS UNIVERSITY,413.0,77.0,429.0,82.0,United States,M,CO,VH,4.0,B,11.7,11.0,41.2,27.3,29.6,80.9,25.1,468,85.0
457,PONTIFICIA UNIVERSIDAD JAVERIANA,463.0,4.0,527.0,4.0,Colombia,L,FC,MD,5.0,B,34.0,70.6,17.0,2.5,6.5,2.0,25.1,469,3.0
458,SHANDONG UNIVERSITY,575.0,27.0,546.0,27.0,China,XL,FC,VH,5.0,A,16.4,10.4,27.5,55.7,9.3,5.5,25.1,470,22.0
459,UNIVERSITAT DES SAARLANDES,531.0,34.0,462.0,28.0,Germany,L,FC,HI,4.0,A,11.9,5.8,57.9,18.4,40.8,47.3,25.1,471,27.0
460,WESTERN SYDNEY UNIVERSITY,602.0,27.0,499.0,25.0,Australia,XL,FC,HI,3.0,A,18.3,25.9,8.7,28.3,100.0,55.1,25.1,472,25.0
461,YOKOHAMA CITY UNIVERSITY,550.0,18.0,460.0,16.0,Japan,S,CO,VH,5.0,A,6.0,2.4,99.9,10.0,4.6,2.6,25.1,473,17.0
462,PONTIFICIA UNIVERSIDAD CATOLICA DEL PERU,438.0,1.0,556.0,1.0,Peru,L,FO,HI,5.0,B,36.5,56.3,19.2,1.7,7.0,2.3,25.0,474,1.0
463,THE UNIVERSITY OF GEORGIA,425.0,79.0,431.0,83.0,United States,XL,FC,VH,5.0,A,24.5,26.3,16.1,36.6,32.1,6.6,25.0,475,86.0
464,UNIVERSITY OF DELHI,490.0,8.0,487.0,9.0,India,L,FC,HI,4.0,A,37.1,43.7,12.1,15.6,1.7,1.8,25.0,476,7.0
465,SINGAPORE MANAGEMENT UNIVERSITY,446.0,3.0,500.0,3.0,Singapore,M,SP,HI,2.0,A,14.5,25.8,15.7,24.3,100.0,67.8,24.9,477,3.0
466,CHRISTIAN-ALBRECHTS-UNIVERSITAT ZU KIEL,432.0,28.0,453.0,27.0,Germany,L,FC,VH,5.0,A,18.0,4.7,55.1,24.1,11.6,12.7,24.8,478,28.0
467,UNIVERSITY OF STIRLING,459.0,50.0,418.0,48.0,United Kingdom,M,CO,VH,4.0,A,10.6,10.6,21.1,40.7,75.9,65.3,24.8,479,49.0
468,SOUTH CHINA UNIVERSITY OF TECHNOLOGY,577.0,29.0,547.0,28.0,China,XL,CO,VH,4.0,A,12.1,3.9,21.2,71.3,13.5,4.3,24.7,480,23.0
469,UNIVERSIDAD EXTERNADO DE COLOMBIA,405.0,3.0,409.0,3.0,Colombia,L,CO,LO,5.0,B,8.9,39.0,79.8,1.0,16.9,2.2,24.7,481,4.0
470,"UNIVERSIDADE ESTADUAL PAULISTA ""JULIO DE MESQUITA FILHO""",498.0,4.0,492.0,5.0,Brazil,XL,FC,VH,3.0,A,31.2,15.5,35.5,14.7,5.9,2.2,24.6,482,5.0
471,UNIVERSITI TEKNOLOGI PETRONAS (PETRONAS),635.0,6.0,530.0,7.0,Malaysia,M,SP,VH,2.0,B,12.6,26.2,35.5,20.9,82.2,30.1,24.6,483,7.0
472,ABERYSTWYTH UNIVERSITY,481.0,51.0,432.0,49.0,United Kingdom,M,CO,VH,5.0,A,9.9,6.0,28.0,42.1,59.8,57.3,24.5,484,50.0
473,CHANG GUNG UNIVERSITY,483.0,11.0,430.0,11.0,Taiwan,M,FO,VH,3.0,B,3.8,4.5,59.3,50.2,3.7,8.1,24.5,485,11.0
474,JILIN UNIVERSITY,494.0,21.0,475.0,19.0,China,XL,FC,VH,4.0,A,16.6,12.6,53.1,25.2,13.9,3.0,24.5,486,24.0
475,UNIVERSITY OF CANBERRA,590.0,26.0,641.0,28.0,Australia,M,CO,VH,3.0,A,15.5,12.6,5.2,38.7,95.5,68.7,24.5,487,26.0
476,WAYNE STATE UNIVERSITY,470.0,89.0,441.0,86.0,United States,L,FC,VH,5.0,A,9.8,3.8,72.6,20.1,18.5,13.3,24.5,488,87.0
477,AMIRKABIR UNIVERSITY OF TECHNOLOGY,502.0,2.0,498.0,2.0,Iran,M,FO,VH,4.0,A,4.7,15.0,7.4,94.9,7.0,2.6,24.4,489,2.0
478,UNIVERSIDAD DE SANTIAGO DE CHILE (USACH),456.0,3.0,519.0,3.0,Chile,L,FC,MD,5.0,A,35.6,60.2,13.1,4.7,8.2,2.2,24.4,490,3.0
479,M.O.AUEZOV SOUTH KAZAKHSTAN STATE UNIVERSITY,514.0,5.0,480.0,4.0,Kazakhstan,L,CO,MD,4.0,A,7.0,6.1,94.1,1.0,17.1,17.7,24.3,493,3.0
480,UNIVERSIDAD DE MONTEVIDEO,528.0,1.0,539.0,1.0,Uruguay,S,FC,LO,2.0,B,13.4,17.3,79.1,1.3,18.1,3.7,24.3,494,1.0
481,UNIVERSITE AIX-MARSEILLE,417.0,17.0,454.0,15.0,France,XL,FC,VH,1.0,A,33.9,4.9,13.5,25.0,23.6,26.6,24.3,495,13.0
482,UNIVERSITY OF DELAWARE,428.0,81.0,440.0,85.0,United States,L,CO,VH,5.0,A,11.0,10.2,11.6,67.1,39.3,22.5,24.3,496,88.0
483,V.N. KARAZIN KHARKIV NATIONAL UNIVERSITY,408.0,1.0,485.0,1.0,Ukraine,L,FC,MD,5.0,A,10.8,11.4,72.2,1.8,1.3,78.4,24.3,497,1.0
484,CZECH TECHNICAL UNIVERSITY IN PRAGUE,493.0,2.0,533.0,2.0,Czech Republic,L,SP,VH,5.0,A,18.7,39.7,33.9,10.6,18.2,57.5,24.2,498,3.0
485,UNIVERSITE DE MONTPELLIER,381.0,16.0,425.0,14.0,France,XL,CO,VH,1.0,A,20.3,18.8,13.1,42.8,20.1,39.3,24.2,499,14.0
486,UNIVERSITY OF EASTERN FINLAND,457.0,7.0,484.0,7.0,Finland,M,CO,VH,3.0,A,14.5,10.5,43.8,33.5,27.9,9.1,24.2,500,6.0
